"Subject_Id","Group_Name","Task_Name","PERSP","DRIVER_TYPE","first_vid","response","scenario","ratio","country","driving_experience","age_group","knowledge_of_av","better_place","gender","identify"
"4037","obs_av","obs_av_exp_trials","OBS","AV","stay","swerve","carsac","3v1","","","","","","",""
"4037","obs_av","obs_av_exp_trials","OBS","AV","stay","stay","road","1v1","","","","","","",""
"4037","obs_av","obs_av_exp_trials","OBS","AV","swerve","stay","road","3v1","","","","","","",""
"4037","obs_av","obs_av_exp_trials","OBS","AV","swerve","stay","sidewalk","2v1","","","","","","",""
"4037","obs_av","obs_av_exp_trials","OBS","AV","stay","stay","carsac","1v1","","","","","","",""
"4037","obs_av","obs_av_exp_trials","OBS","AV","stay","stay","sidewalk","1v1","","","","","","",""
"4037","obs_av","obs_av_exp_trials","OBS","AV","swerve","stay","road","2v1","","","","","","",""
"4037","obs_av","obs_av_exp_trials","OBS","AV","stay","stay","sidewalk","4v1","","","","","","",""
"4037","obs_av","obs_av_exp_trials","OBS","AV","swerve","swerve","carsac","4v1","","","","","","",""
"4037","obs_av","obs_av_exp_trials","OBS","AV","stay","stay","carsac","2v1","","","","","","",""
"4037","obs_av","obs_av_exp_trials","OBS","AV","swerve","stay","road","4v1","","","","","","",""
"4037","obs_av","obs_av_exp_trials","OBS","AV","swerve","stay","sidewalk","3v1","","","","","","",""
"4037","obs_av","quesionnaire_av","OBS","AV","","","","","australia","6-10","18-29","yes","1","female","ped"
"4224","ped_side_h","ped_side_h_exp_trials","PED_SIDE","HUMAN","swerve","swerve","road","1v1","","","","","","",""
"4224","ped_side_h","ped_side_h_exp_trials","PED_SIDE","HUMAN","stay","swerve","sidewalk","2v1","","","","","","",""
"4224","ped_side_h","ped_side_h_exp_trials","PED_SIDE","HUMAN","swerve","stay","sidewalk","1v1","","","","","","",""
"4224","ped_side_h","ped_side_h_exp_trials","PED_SIDE","HUMAN","stay","swerve","road","3v1","","","","","","",""
"4224","ped_side_h","ped_side_h_exp_trials","PED_SIDE","HUMAN","swerve","swerve","sidewalk","4v1","","","","","","",""
"4224","ped_side_h","ped_side_h_exp_trials","PED_SIDE","HUMAN","swerve","swerve","road","2v1","","","","","","",""
"4224","ped_side_h","ped_side_h_exp_trials","PED_SIDE","HUMAN","stay","swerve","road","4v1","","","","","","",""
"4224","ped_side_h","ped_side_h_exp_trials","PED_SIDE","HUMAN","stay","swerve","sidewalk","3v1","","","","","","",""
"4224","ped_side_h","questionnaire_h","PED_SIDE","HUMAN","","","","","","","","yes","2","female","car"
"4039","ped_side_av","ped_side_av_exp_trials","PED_SIDE","AV","swerve","swerve","sidewalk","4v1","","","","","","",""
"4039","ped_side_av","ped_side_av_exp_trials","PED_SIDE","AV","stay","swerve","road","4v1","","","","","","",""
"4039","ped_side_av","ped_side_av_exp_trials","PED_SIDE","AV","swerve","stay","sidewalk","1v1","","","","","","",""
"4039","ped_side_av","ped_side_av_exp_trials","PED_SIDE","AV","swerve","swerve","sidewalk","3v1","","","","","","",""
"4039","ped_side_av","ped_side_av_exp_trials","PED_SIDE","AV","stay","swerve","road","2v1","","","","","","",""
"4039","ped_side_av","ped_side_av_exp_trials","PED_SIDE","AV","stay","stay","road","3v1","","","","","","",""
"4039","ped_side_av","ped_side_av_exp_trials","PED_SIDE","AV","swerve","stay","sidewalk","2v1","","","","","","",""
"4039","ped_side_av","ped_side_av_exp_trials","PED_SIDE","AV","stay","swerve","road","1v1","","","","","","",""
"4039","ped_side_av","quesionnaire_av","PED_SIDE","AV","","","","","russia","0","18-29","yes","4","female","ped"
"3803","ped_side_av","ped_side_av_exp_trials","PED_SIDE","AV","swerve","swerve","road","2v1","","","","","","",""
"3803","ped_side_av","ped_side_av_exp_trials","PED_SIDE","AV","swerve","swerve","sidewalk","4v1","","","","","","",""
"3803","ped_side_av","ped_side_av_exp_trials","PED_SIDE","AV","stay","swerve","sidewalk","2v1","","","","","","",""
"3803","ped_side_av","ped_side_av_exp_trials","PED_SIDE","AV","stay","swerve","road","4v1","","","","","","",""
"3803","ped_side_av","ped_side_av_exp_trials","PED_SIDE","AV","swerve","swerve","road","3v1","","","","","","",""
"3803","ped_side_av","ped_side_av_exp_trials","PED_SIDE","AV","stay","swerve","sidewalk","1v1","","","","","","",""
"3803","ped_side_av","ped_side_av_exp_trials","PED_SIDE","AV","swerve","swerve","sidewalk","3v1","","","","","","",""
"3803","ped_side_av","ped_side_av_exp_trials","PED_SIDE","AV","stay","swerve","road","1v1","","","","","","",""
"3803","ped_side_av","quesionnaire_av","PED_SIDE","AV","","","","","germany","5","18-29","yes","5","male","ped"
"3804","car_h","car_h_exp_trials","CAR","HUMAN","swerve","swerve","carsac","4v1","","","","","","",""
"3804","car_h","car_h_exp_trials","CAR","HUMAN","stay","stay","road","1v1","","","","","","",""
"3804","car_h","car_h_exp_trials","CAR","HUMAN","swerve","stay","sidewalk","1v1","","","","","","",""
"3804","car_h","car_h_exp_trials","CAR","HUMAN","swerve","swerve","road","4v1","","","","","","",""
"3804","car_h","car_h_exp_trials","CAR","HUMAN","swerve","swerve","carsac","3v1","","","","","","",""
"3804","car_h","car_h_exp_trials","CAR","HUMAN","stay","swerve","carsac","2v1","","","","","","",""
"3804","car_h","car_h_exp_trials","CAR","HUMAN","stay","stay","sidewalk","3v1","","","","","","",""
"3804","car_h","car_h_exp_trials","CAR","HUMAN","stay","stay","carsac","1v1","","","","","","",""
"3804","car_h","car_h_exp_trials","CAR","HUMAN","swerve","stay","sidewalk","4v1","","","","","","",""
"3804","car_h","car_h_exp_trials","CAR","HUMAN","stay","swerve","road","3v1","","","","","","",""
"3804","car_h","car_h_exp_trials","CAR","HUMAN","stay","stay","sidewalk","2v1","","","","","","",""
"3804","car_h","car_h_exp_trials","CAR","HUMAN","swerve","swerve","road","2v1","","","","","","",""
"3804","car_h","questionnaire_h","CAR","HUMAN","","","","","","","","yes","5","male","car"
"3802","ped_side_av","ped_side_av_exp_trials","PED_SIDE","AV","stay","swerve","road","2v1","","","","","","",""
"3802","ped_side_av","ped_side_av_exp_trials","PED_SIDE","AV","stay","swerve","road","4v1","","","","","","",""
"3802","ped_side_av","ped_side_av_exp_trials","PED_SIDE","AV","swerve","swerve","sidewalk","2v1","","","","","","",""
"3802","ped_side_av","ped_side_av_exp_trials","PED_SIDE","AV","swerve","swerve","road","3v1","","","","","","",""
"3802","ped_side_av","ped_side_av_exp_trials","PED_SIDE","AV","swerve","swerve","sidewalk","3v1","","","","","","",""
"3802","ped_side_av","ped_side_av_exp_trials","PED_SIDE","AV","stay","swerve","road","1v1","","","","","","",""
"3802","ped_side_av","ped_side_av_exp_trials","PED_SIDE","AV","swerve","swerve","sidewalk","1v1","","","","","","",""
"3802","ped_side_av","ped_side_av_exp_trials","PED_SIDE","AV","stay","swerve","sidewalk","4v1","","","","","","",""
"3802","ped_side_av","quesionnaire_av","PED_SIDE","AV","","","","","netherlands","10+","30-39","yes","5","male","ped"
"3817","obs_av","obs_av_exp_trials","OBS","AV","swerve","swerve","sidewalk","3v1","","","","","","",""
"3817","obs_av","obs_av_exp_trials","OBS","AV","swerve","stay","sidewalk","1v1","","","","","","",""
"3817","obs_av","obs_av_exp_trials","OBS","AV","stay","stay","road","1v1","","","","","","",""
"3817","obs_av","obs_av_exp_trials","OBS","AV","stay","stay","carsac","3v1","","","","","","",""
"3817","obs_av","obs_av_exp_trials","OBS","AV","swerve","swerve","road","3v1","","","","","","",""
"3817","obs_av","obs_av_exp_trials","OBS","AV","stay","swerve","road","2v1","","","","","","",""
"3817","obs_av","obs_av_exp_trials","OBS","AV","stay","swerve","carsac","1v1","","","","","","",""
"3817","obs_av","obs_av_exp_trials","OBS","AV","swerve","stay","carsac","2v1","","","","","","",""
"3817","obs_av","obs_av_exp_trials","OBS","AV","stay","stay","road","4v1","","","","","","",""
"3817","obs_av","obs_av_exp_trials","OBS","AV","stay","swerve","sidewalk","2v1","","","","","","",""
"3817","obs_av","obs_av_exp_trials","OBS","AV","swerve","swerve","sidewalk","4v1","","","","","","",""
"3817","obs_av","obs_av_exp_trials","OBS","AV","swerve","stay","carsac","4v1","","","","","","",""
"3817","obs_av","quesionnaire_av","OBS","AV","","","","","germany","6-10","18-29","yes","2","female","ped"
"3819","obs_av","obs_av_exp_trials","OBS","AV","swerve","swerve","carsac","1v1","","","","","","",""
"3819","obs_av","obs_av_exp_trials","OBS","AV","stay","swerve","road","3v1","","","","","","",""
"3819","obs_av","obs_av_exp_trials","OBS","AV","stay","stay","road","1v1","","","","","","",""
"3819","obs_av","obs_av_exp_trials","OBS","AV","swerve","stay","sidewalk","1v1","","","","","","",""
"3819","obs_av","obs_av_exp_trials","OBS","AV","swerve","swerve","road","4v1","","","","","","",""
"3819","obs_av","obs_av_exp_trials","OBS","AV","swerve","swerve","sidewalk","2v1","","","","","","",""
"3819","obs_av","obs_av_exp_trials","OBS","AV","swerve","swerve","carsac","4v1","","","","","","",""
"3819","obs_av","obs_av_exp_trials","OBS","AV","stay","swerve","road","2v1","","","","","","",""
"3819","obs_av","obs_av_exp_trials","OBS","AV","swerve","swerve","carsac","2v1","","","","","","",""
"3819","obs_av","obs_av_exp_trials","OBS","AV","stay","swerve","sidewalk","4v1","","","","","","",""
"3819","obs_av","obs_av_exp_trials","OBS","AV","stay","swerve","carsac","3v1","","","","","","",""
"3819","obs_av","obs_av_exp_trials","OBS","AV","stay","swerve","sidewalk","3v1","","","","","","",""
"3819","obs_av","quesionnaire_av","OBS","AV","","","","","germany","0","18-29","yes","2","female","ped"
"3827","ped_side_h","ped_side_h_exp_trials","PED_SIDE","HUMAN","stay","swerve","sidewalk","4v1","","","","","","",""
"3827","ped_side_h","ped_side_h_exp_trials","PED_SIDE","HUMAN","stay","swerve","road","2v1","","","","","","",""
"3827","ped_side_h","ped_side_h_exp_trials","PED_SIDE","HUMAN","swerve","swerve","sidewalk","2v1","","","","","","",""
"3827","ped_side_h","ped_side_h_exp_trials","PED_SIDE","HUMAN","stay","stay","road","1v1","","","","","","",""
"3827","ped_side_h","ped_side_h_exp_trials","PED_SIDE","HUMAN","stay","swerve","road","4v1","","","","","","",""
"3827","ped_side_h","ped_side_h_exp_trials","PED_SIDE","HUMAN","swerve","stay","sidewalk","1v1","","","","","","",""
"3827","ped_side_h","ped_side_h_exp_trials","PED_SIDE","HUMAN","swerve","swerve","sidewalk","3v1","","","","","","",""
"3827","ped_side_h","ped_side_h_exp_trials","PED_SIDE","HUMAN","swerve","swerve","road","3v1","","","","","","",""
"3827","ped_side_h","questionnaire_h","PED_SIDE","HUMAN","","","","","","","","yes","5","male","car"
"3829","ped_main_h","ped_main_h_exp_trials","PED_MAIN","HUMAN","stay","swerve","sidewalk","3v1","","","","","","",""
"3829","ped_main_h","ped_main_h_exp_trials","PED_MAIN","HUMAN","swerve","stay","sidewalk","1v1","","","","","","",""
"3829","ped_main_h","ped_main_h_exp_trials","PED_MAIN","HUMAN","swerve","swerve","carsac","2v1","","","","","","",""
"3829","ped_main_h","ped_main_h_exp_trials","PED_MAIN","HUMAN","stay","swerve","carsac","4v1","","","","","","",""
"3829","ped_main_h","ped_main_h_exp_trials","PED_MAIN","HUMAN","stay","stay","sidewalk","2v1","","","","","","",""
"3829","ped_main_h","ped_main_h_exp_trials","PED_MAIN","HUMAN","swerve","stay","road","1v1","","","","","","",""
"3829","ped_main_h","ped_main_h_exp_trials","PED_MAIN","HUMAN","swerve","swerve","carsac","3v1","","","","","","",""
"3829","ped_main_h","ped_main_h_exp_trials","PED_MAIN","HUMAN","swerve","swerve","sidewalk","4v1","","","","","","",""
"3829","ped_main_h","ped_main_h_exp_trials","PED_MAIN","HUMAN","stay","stay","road","2v1","","","","","","",""
"3829","ped_main_h","ped_main_h_exp_trials","PED_MAIN","HUMAN","stay","swerve","road","4v1","","","","","","",""
"3829","ped_main_h","ped_main_h_exp_trials","PED_MAIN","HUMAN","stay","stay","carsac","1v1","","","","","","",""
"3829","ped_main_h","ped_main_h_exp_trials","PED_MAIN","HUMAN","swerve","swerve","road","3v1","","","","","","",""
"3829","ped_main_h","questionnaire_h","PED_MAIN","HUMAN","","","","","","","","yes","4","male","car"
"3830","ped_main_av","ped_main_av_exp_trials","PED_MAIN","AV","swerve","swerve","carsac","1v1","","","","","","",""
"3830","ped_main_av","ped_main_av_exp_trials","PED_MAIN","AV","stay","swerve","carsac","3v1","","","","","","",""
"3830","ped_main_av","ped_main_av_exp_trials","PED_MAIN","AV","stay","swerve","sidewalk","3v1","","","","","","",""
"3830","ped_main_av","ped_main_av_exp_trials","PED_MAIN","AV","swerve","swerve","sidewalk","4v1","","","","","","",""
"3830","ped_main_av","ped_main_av_exp_trials","PED_MAIN","AV","swerve","swerve","carsac","2v1","","","","","","",""
"3830","ped_main_av","ped_main_av_exp_trials","PED_MAIN","AV","stay","swerve","carsac","4v1","","","","","","",""
"3830","ped_main_av","ped_main_av_exp_trials","PED_MAIN","AV","stay","swerve","sidewalk","2v1","","","","","","",""
"3830","ped_main_av","ped_main_av_exp_trials","PED_MAIN","AV","swerve","swerve","road","3v1","","","","","","",""
"3830","ped_main_av","ped_main_av_exp_trials","PED_MAIN","AV","swerve","stay","road","1v1","","","","","","",""
"3830","ped_main_av","ped_main_av_exp_trials","PED_MAIN","AV","swerve","swerve","road","4v1","","","","","","",""
"3830","ped_main_av","ped_main_av_exp_trials","PED_MAIN","AV","stay","swerve","road","2v1","","","","","","",""
"3830","ped_main_av","ped_main_av_exp_trials","PED_MAIN","AV","stay","stay","sidewalk","1v1","","","","","","",""
"3830","ped_main_av","quesionnaire_av","PED_MAIN","AV","","","","","germany","6-10","18-29","yes","2","female","car"
"3832","obs_h","obs_h_exp_trials","OBS","HUMAN","stay","swerve","carsac","2v1","","","","","","",""
"3832","obs_h","obs_h_exp_trials","OBS","HUMAN","stay","swerve","road","4v1","","","","","","",""
"3832","obs_h","obs_h_exp_trials","OBS","HUMAN","swerve","swerve","road","2v1","","","","","","",""
"3832","obs_h","obs_h_exp_trials","OBS","HUMAN","swerve","stay","sidewalk","1v1","","","","","","",""
"3832","obs_h","obs_h_exp_trials","OBS","HUMAN","stay","stay","road","1v1","","","","","","",""
"3832","obs_h","obs_h_exp_trials","OBS","HUMAN","swerve","swerve","carsac","1v1","","","","","","",""
"3832","obs_h","obs_h_exp_trials","OBS","HUMAN","swerve","swerve","carsac","4v1","","","","","","",""
"3832","obs_h","obs_h_exp_trials","OBS","HUMAN","stay","swerve","sidewalk","3v1","","","","","","",""
"3832","obs_h","obs_h_exp_trials","OBS","HUMAN","stay","swerve","sidewalk","2v1","","","","","","",""
"3832","obs_h","obs_h_exp_trials","OBS","HUMAN","swerve","swerve","road","3v1","","","","","","",""
"3832","obs_h","obs_h_exp_trials","OBS","HUMAN","swerve","swerve","sidewalk","4v1","","","","","","",""
"3832","obs_h","obs_h_exp_trials","OBS","HUMAN","stay","swerve","carsac","3v1","","","","","","",""
"3832","obs_h","questionnaire_h","OBS","HUMAN","","","","","","","","yes","2","male","car"
"3845","car_av","car_av_exp_trials","CAR","AV","swerve","swerve","sidewalk","3v1","","","","","","",""
"3845","car_av","car_av_exp_trials","CAR","AV","stay","swerve","carsac","3v1","","","","","","",""
"3845","car_av","car_av_exp_trials","CAR","AV","stay","swerve","road","3v1","","","","","","",""
"3845","car_av","car_av_exp_trials","CAR","AV","stay","stay","road","1v1","","","","","","",""
"3845","car_av","car_av_exp_trials","CAR","AV","swerve","swerve","road","4v1","","","","","","",""
"3845","car_av","car_av_exp_trials","CAR","AV","swerve","swerve","carsac","2v1","","","","","","",""
"3845","car_av","car_av_exp_trials","CAR","AV","stay","swerve","sidewalk","4v1","","","","","","",""
"3845","car_av","car_av_exp_trials","CAR","AV","swerve","swerve","sidewalk","2v1","","","","","","",""
"3845","car_av","car_av_exp_trials","CAR","AV","swerve","swerve","carsac","1v1","","","","","","",""
"3845","car_av","car_av_exp_trials","CAR","AV","stay","stay","sidewalk","1v1","","","","","","",""
"3845","car_av","car_av_exp_trials","CAR","AV","swerve","swerve","road","2v1","","","","","","",""
"3845","car_av","car_av_exp_trials","CAR","AV","stay","swerve","carsac","4v1","","","","","","",""
"3845","car_av","quesionnaire_av","CAR","AV","","","","","germany","6-10","18-29","yes","2","male","car"
"3871","obs_h","obs_h_exp_trials","OBS","HUMAN","stay","swerve","carsac","1v1","","","","","","",""
"3871","obs_h","obs_h_exp_trials","OBS","HUMAN","swerve","swerve","road","3v1","","","","","","",""
"3871","obs_h","obs_h_exp_trials","OBS","HUMAN","stay","stay","road","1v1","","","","","","",""
"3871","obs_h","obs_h_exp_trials","OBS","HUMAN","swerve","stay","sidewalk","3v1","","","","","","",""
"3871","obs_h","obs_h_exp_trials","OBS","HUMAN","stay","stay","sidewalk","4v1","","","","","","",""
"3871","obs_h","obs_h_exp_trials","OBS","HUMAN","swerve","swerve","carsac","2v1","","","","","","",""
"3871","obs_h","obs_h_exp_trials","OBS","HUMAN","swerve","swerve","road","4v1","","","","","","",""
"3871","obs_h","obs_h_exp_trials","OBS","HUMAN","swerve","stay","sidewalk","2v1","","","","","","",""
"3871","obs_h","obs_h_exp_trials","OBS","HUMAN","stay","swerve","road","2v1","","","","","","",""
"3871","obs_h","obs_h_exp_trials","OBS","HUMAN","swerve","stay","sidewalk","1v1","","","","","","",""
"3871","obs_h","obs_h_exp_trials","OBS","HUMAN","stay","swerve","carsac","3v1","","","","","","",""
"3871","obs_h","obs_h_exp_trials","OBS","HUMAN","stay","swerve","carsac","4v1","","","","","","",""
"3871","obs_h","questionnaire_h","OBS","HUMAN","","","","","","","","yes","4","female","car"
"3877","car_h","car_h_exp_trials","CAR","HUMAN","swerve","stay","sidewalk","2v1","","","","","","",""
"3877","car_h","car_h_exp_trials","CAR","HUMAN","swerve","swerve","road","4v1","","","","","","",""
"3877","car_h","car_h_exp_trials","CAR","HUMAN","stay","swerve","road","1v1","","","","","","",""
"3877","car_h","car_h_exp_trials","CAR","HUMAN","stay","swerve","road","3v1","","","","","","",""
"3877","car_h","car_h_exp_trials","CAR","HUMAN","swerve","swerve","sidewalk","4v1","","","","","","",""
"3877","car_h","car_h_exp_trials","CAR","HUMAN","stay","swerve","carsac","2v1","","","","","","",""
"3877","car_h","car_h_exp_trials","CAR","HUMAN","swerve","swerve","sidewalk","1v1","","","","","","",""
"3877","car_h","car_h_exp_trials","CAR","HUMAN","stay","stay","road","2v1","","","","","","",""
"3877","car_h","car_h_exp_trials","CAR","HUMAN","swerve","swerve","carsac","3v1","","","","","","",""
"3877","car_h","car_h_exp_trials","CAR","HUMAN","stay","swerve","sidewalk","3v1","","","","","","",""
"3877","car_h","car_h_exp_trials","CAR","HUMAN","stay","swerve","carsac","1v1","","","","","","",""
"3877","car_h","car_h_exp_trials","CAR","HUMAN","swerve","swerve","carsac","4v1","","","","","","",""
"3877","car_h","questionnaire_h","CAR","HUMAN","","","","","","","","yes","5","male","ped"
"3881","ped_main_h","ped_main_h_exp_trials","PED_MAIN","HUMAN","swerve","stay","road","1v1","","","","","","",""
"3881","ped_main_h","ped_main_h_exp_trials","PED_MAIN","HUMAN","stay","swerve","road","3v1","","","","","","",""
"3881","ped_main_h","ped_main_h_exp_trials","PED_MAIN","HUMAN","stay","swerve","carsac","4v1","","","","","","",""
"3881","ped_main_h","ped_main_h_exp_trials","PED_MAIN","HUMAN","swerve","swerve","carsac","2v1","","","","","","",""
"3881","ped_main_h","ped_main_h_exp_trials","PED_MAIN","HUMAN","stay","swerve","sidewalk","3v1","","","","","","",""
"3881","ped_main_h","ped_main_h_exp_trials","PED_MAIN","HUMAN","swerve","swerve","sidewalk","1v1","","","","","","",""
"3881","ped_main_h","ped_main_h_exp_trials","PED_MAIN","HUMAN","swerve","swerve","carsac","1v1","","","","","","",""
"3881","ped_main_h","ped_main_h_exp_trials","PED_MAIN","HUMAN","stay","swerve","road","2v1","","","","","","",""
"3881","ped_main_h","ped_main_h_exp_trials","PED_MAIN","HUMAN","stay","swerve","sidewalk","4v1","","","","","","",""
"3881","ped_main_h","ped_main_h_exp_trials","PED_MAIN","HUMAN","stay","swerve","road","4v1","","","","","","",""
"3881","ped_main_h","ped_main_h_exp_trials","PED_MAIN","HUMAN","swerve","swerve","carsac","3v1","","","","","","",""
"3881","ped_main_h","ped_main_h_exp_trials","PED_MAIN","HUMAN","swerve","swerve","sidewalk","2v1","","","","","","",""
"3881","ped_main_h","questionnaire_h","PED_MAIN","HUMAN","","","","","","","","yes","4","female","car"
"3905","ped_main_av","ped_main_av_exp_trials","PED_MAIN","AV","stay","swerve","carsac","1v1","","","","","","",""
"3905","ped_main_av","ped_main_av_exp_trials","PED_MAIN","AV","stay","swerve","sidewalk","1v1","","","","","","",""
"3905","ped_main_av","ped_main_av_exp_trials","PED_MAIN","AV","swerve","swerve","sidewalk","2v1","","","","","","",""
"3905","ped_main_av","ped_main_av_exp_trials","PED_MAIN","AV","stay","swerve","carsac","4v1","","","","","","",""
"3905","ped_main_av","ped_main_av_exp_trials","PED_MAIN","AV","stay","swerve","sidewalk","4v1","","","","","","",""
"3905","ped_main_av","ped_main_av_exp_trials","PED_MAIN","AV","swerve","swerve","carsac","2v1","","","","","","",""
"3905","ped_main_av","ped_main_av_exp_trials","PED_MAIN","AV","swerve","swerve","sidewalk","3v1","","","","","","",""
"3905","ped_main_av","ped_main_av_exp_trials","PED_MAIN","AV","swerve","swerve","road","2v1","","","","","","",""
"3905","ped_main_av","ped_main_av_exp_trials","PED_MAIN","AV","swerve","swerve","carsac","3v1","","","","","","",""
"3905","ped_main_av","ped_main_av_exp_trials","PED_MAIN","AV","stay","swerve","road","1v1","","","","","","",""
"3905","ped_main_av","ped_main_av_exp_trials","PED_MAIN","AV","swerve","swerve","road","4v1","","","","","","",""
"3905","ped_main_av","ped_main_av_exp_trials","PED_MAIN","AV","stay","swerve","road","3v1","","","","","","",""
"3905","ped_main_av","quesionnaire_av","PED_MAIN","AV","","","","","germany","6-10","18-29","yes","5","male","ped"
"3912","car_av","car_av_exp_trials","CAR","AV","stay","swerve","carsac","4v1","","","","","","",""
"3912","car_av","car_av_exp_trials","CAR","AV","stay","stay","sidewalk","1v1","","","","","","",""
"3912","car_av","car_av_exp_trials","CAR","AV","stay","swerve","road","3v1","","","","","","",""
"3912","car_av","car_av_exp_trials","CAR","AV","stay","swerve","road","4v1","","","","","","",""
"3912","car_av","car_av_exp_trials","CAR","AV","swerve","swerve","sidewalk","3v1","","","","","","",""
"3912","car_av","car_av_exp_trials","CAR","AV","swerve","swerve","road","2v1","","","","","","",""
"3912","car_av","car_av_exp_trials","CAR","AV","stay","swerve","carsac","2v1","","","","","","",""
"3912","car_av","car_av_exp_trials","CAR","AV","swerve","swerve","carsac","3v1","","","","","","",""
"3912","car_av","car_av_exp_trials","CAR","AV","swerve","swerve","carsac","1v1","","","","","","",""
"3912","car_av","car_av_exp_trials","CAR","AV","stay","swerve","sidewalk","4v1","","","","","","",""
"3912","car_av","car_av_exp_trials","CAR","AV","swerve","swerve","sidewalk","2v1","","","","","","",""
"3912","car_av","car_av_exp_trials","CAR","AV","swerve","swerve","road","1v1","","","","","","",""
"3912","car_av","quesionnaire_av","CAR","AV","","","","","armenia","0","30-39","yes","4","female","ped"
"3917","ped_side_h","ped_side_h_exp_trials","PED_SIDE","HUMAN","swerve","swerve","road","3v1","","","","","","",""
"3917","ped_side_h","ped_side_h_exp_trials","PED_SIDE","HUMAN","stay","swerve","sidewalk","4v1","","","","","","",""
"3917","ped_side_h","ped_side_h_exp_trials","PED_SIDE","HUMAN","stay","swerve","sidewalk","3v1","","","","","","",""
"3917","ped_side_h","ped_side_h_exp_trials","PED_SIDE","HUMAN","swerve","swerve","sidewalk","1v1","","","","","","",""
"3917","ped_side_h","ped_side_h_exp_trials","PED_SIDE","HUMAN","swerve","swerve","sidewalk","2v1","","","","","","",""
"3917","ped_side_h","ped_side_h_exp_trials","PED_SIDE","HUMAN","swerve","swerve","road","2v1","","","","","","",""
"3917","ped_side_h","ped_side_h_exp_trials","PED_SIDE","HUMAN","stay","swerve","road","4v1","","","","","","",""
"3917","ped_side_h","ped_side_h_exp_trials","PED_SIDE","HUMAN","stay","swerve","road","1v1","","","","","","",""
"3917","ped_side_h","questionnaire_h","PED_SIDE","HUMAN","","","","","","","","yes","2","female","ped"
"3963","obs_av","obs_av_exp_trials","OBS","AV","swerve","swerve","carsac","2v1","","","","","","",""
"3963","obs_av","obs_av_exp_trials","OBS","AV","stay","swerve","sidewalk","3v1","","","","","","",""
"3963","obs_av","obs_av_exp_trials","OBS","AV","stay","swerve","road","3v1","","","","","","",""
"3963","obs_av","obs_av_exp_trials","OBS","AV","stay","swerve","road","2v1","","","","","","",""
"3963","obs_av","obs_av_exp_trials","OBS","AV","stay","swerve","carsac","3v1","","","","","","",""
"3963","obs_av","obs_av_exp_trials","OBS","AV","swerve","swerve","sidewalk","4v1","","","","","","",""
"3963","obs_av","obs_av_exp_trials","OBS","AV","swerve","swerve","sidewalk","2v1","","","","","","",""
"3963","obs_av","obs_av_exp_trials","OBS","AV","swerve","stay","road","1v1","","","","","","",""
"3963","obs_av","obs_av_exp_trials","OBS","AV","stay","swerve","sidewalk","1v1","","","","","","",""
"3963","obs_av","obs_av_exp_trials","OBS","AV","stay","swerve","carsac","1v1","","","","","","",""
"3963","obs_av","obs_av_exp_trials","OBS","AV","swerve","swerve","carsac","4v1","","","","","","",""
"3963","obs_av","obs_av_exp_trials","OBS","AV","swerve","swerve","road","4v1","","","","","","",""
"3963","obs_av","quesionnaire_av","OBS","AV","","","","","armenia","10+","50-59","yes","4","male","car"
"3947","ped_main_av","ped_main_av_exp_trials","PED_MAIN","AV","stay","swerve","sidewalk","3v1","","","","","","",""
"3947","ped_main_av","ped_main_av_exp_trials","PED_MAIN","AV","swerve","stay","road","1v1","","","","","","",""
"3947","ped_main_av","ped_main_av_exp_trials","PED_MAIN","AV","stay","swerve","road","3v1","","","","","","",""
"3947","ped_main_av","ped_main_av_exp_trials","PED_MAIN","AV","swerve","swerve","sidewalk","4v1","","","","","","",""
"3947","ped_main_av","ped_main_av_exp_trials","PED_MAIN","AV","swerve","swerve","carsac","3v1","","","","","","",""
"3947","ped_main_av","ped_main_av_exp_trials","PED_MAIN","AV","stay","swerve","sidewalk","2v1","","","","","","",""
"3947","ped_main_av","ped_main_av_exp_trials","PED_MAIN","AV","stay","swerve","road","2v1","","","","","","",""
"3947","ped_main_av","ped_main_av_exp_trials","PED_MAIN","AV","stay","stay","carsac","1v1","","","","","","",""
"3947","ped_main_av","ped_main_av_exp_trials","PED_MAIN","AV","swerve","stay","sidewalk","1v1","","","","","","",""
"3947","ped_main_av","ped_main_av_exp_trials","PED_MAIN","AV","swerve","swerve","carsac","4v1","","","","","","",""
"3947","ped_main_av","ped_main_av_exp_trials","PED_MAIN","AV","stay","swerve","carsac","2v1","","","","","","",""
"3947","ped_main_av","ped_main_av_exp_trials","PED_MAIN","AV","swerve","swerve","road","4v1","","","","","","",""
"3947","ped_main_av","quesionnaire_av","PED_MAIN","AV","","","","","canada","10+","18-29","yes","5","male","ped"
"3948","ped_side_av","ped_side_av_exp_trials","PED_SIDE","AV","stay","swerve","sidewalk","4v1","","","","","","",""
"3948","ped_side_av","ped_side_av_exp_trials","PED_SIDE","AV","swerve","swerve","sidewalk","2v1","","","","","","",""
"3948","ped_side_av","ped_side_av_exp_trials","PED_SIDE","AV","stay","swerve","road","4v1","","","","","","",""
"3948","ped_side_av","ped_side_av_exp_trials","PED_SIDE","AV","stay","stay","road","1v1","","","","","","",""
"3948","ped_side_av","ped_side_av_exp_trials","PED_SIDE","AV","swerve","swerve","sidewalk","3v1","","","","","","",""
"3948","ped_side_av","ped_side_av_exp_trials","PED_SIDE","AV","swerve","swerve","sidewalk","1v1","","","","","","",""
"3948","ped_side_av","ped_side_av_exp_trials","PED_SIDE","AV","stay","swerve","road","2v1","","","","","","",""
"3948","ped_side_av","ped_side_av_exp_trials","PED_SIDE","AV","swerve","swerve","road","3v1","","","","","","",""
"3948","ped_side_av","quesionnaire_av","PED_SIDE","AV","","","","","armenia","0","18-29","no","1","female","ped"
"3970","ped_side_h","ped_side_h_exp_trials","PED_SIDE","HUMAN","swerve","swerve","sidewalk","2v1","","","","","","",""
"3970","ped_side_h","ped_side_h_exp_trials","PED_SIDE","HUMAN","swerve","swerve","road","1v1","","","","","","",""
"3970","ped_side_h","ped_side_h_exp_trials","PED_SIDE","HUMAN","stay","swerve","road","2v1","","","","","","",""
"3970","ped_side_h","ped_side_h_exp_trials","PED_SIDE","HUMAN","stay","swerve","sidewalk","1v1","","","","","","",""
"3970","ped_side_h","ped_side_h_exp_trials","PED_SIDE","HUMAN","stay","swerve","sidewalk","3v1","","","","","","",""
"3970","ped_side_h","ped_side_h_exp_trials","PED_SIDE","HUMAN","swerve","swerve","road","4v1","","","","","","",""
"3970","ped_side_h","ped_side_h_exp_trials","PED_SIDE","HUMAN","stay","swerve","sidewalk","4v1","","","","","","",""
"3970","ped_side_h","ped_side_h_exp_trials","PED_SIDE","HUMAN","swerve","swerve","road","3v1","","","","","","",""
"3970","ped_side_h","questionnaire_h","PED_SIDE","HUMAN","","","","","","","","yes","2","female","ped"
"3958","ped_main_h","ped_main_h_exp_trials","PED_MAIN","HUMAN","stay","stay","road","1v1","","","","","","",""
"3958","ped_main_h","ped_main_h_exp_trials","PED_MAIN","HUMAN","swerve","swerve","sidewalk","2v1","","","","","","",""
"3958","ped_main_h","ped_main_h_exp_trials","PED_MAIN","HUMAN","stay","swerve","sidewalk","3v1","","","","","","",""
"3958","ped_main_h","ped_main_h_exp_trials","PED_MAIN","HUMAN","swerve","swerve","carsac","1v1","","","","","","",""
"3958","ped_main_h","ped_main_h_exp_trials","PED_MAIN","HUMAN","stay","swerve","carsac","2v1","","","","","","",""
"3958","ped_main_h","ped_main_h_exp_trials","PED_MAIN","HUMAN","stay","swerve","road","2v1","","","","","","",""
"3958","ped_main_h","ped_main_h_exp_trials","PED_MAIN","HUMAN","stay","swerve","road","4v1","","","","","","",""
"3958","ped_main_h","ped_main_h_exp_trials","PED_MAIN","HUMAN","swerve","swerve","road","3v1","","","","","","",""
"3958","ped_main_h","ped_main_h_exp_trials","PED_MAIN","HUMAN","stay","swerve","sidewalk","4v1","","","","","","",""
"3958","ped_main_h","ped_main_h_exp_trials","PED_MAIN","HUMAN","swerve","swerve","sidewalk","1v1","","","","","","",""
"3958","ped_main_h","ped_main_h_exp_trials","PED_MAIN","HUMAN","swerve","swerve","carsac","3v1","","","","","","",""
"3958","ped_main_h","ped_main_h_exp_trials","PED_MAIN","HUMAN","swerve","swerve","carsac","4v1","","","","","","",""
"3958","ped_main_h","questionnaire_h","PED_MAIN","HUMAN","","","","","","","","yes","5","female","ped"
"3956","obs_h","obs_h_exp_trials","OBS","HUMAN","stay","swerve","sidewalk","4v1","","","","","","",""
"3956","obs_h","obs_h_exp_trials","OBS","HUMAN","stay","stay","sidewalk","1v1","","","","","","",""
"3956","obs_h","obs_h_exp_trials","OBS","HUMAN","swerve","swerve","road","1v1","","","","","","",""
"3956","obs_h","obs_h_exp_trials","OBS","HUMAN","stay","stay","carsac","2v1","","","","","","",""
"3956","obs_h","obs_h_exp_trials","OBS","HUMAN","swerve","swerve","road","2v1","","","","","","",""
"3956","obs_h","obs_h_exp_trials","OBS","HUMAN","swerve","swerve","road","4v1","","","","","","",""
"3956","obs_h","obs_h_exp_trials","OBS","HUMAN","swerve","swerve","road","3v1","","","","","","",""
"3956","obs_h","obs_h_exp_trials","OBS","HUMAN","stay","swerve","sidewalk","3v1","","","","","","",""
"3956","obs_h","obs_h_exp_trials","OBS","HUMAN","swerve","stay","carsac","1v1","","","","","","",""
"3956","obs_h","obs_h_exp_trials","OBS","HUMAN","stay","swerve","carsac","4v1","","","","","","",""
"3956","obs_h","obs_h_exp_trials","OBS","HUMAN","swerve","swerve","sidewalk","2v1","","","","","","",""
"3956","obs_h","obs_h_exp_trials","OBS","HUMAN","stay","stay","carsac","3v1","","","","","","",""
"3956","obs_h","questionnaire_h","OBS","HUMAN","","","","","","","","yes","2","female","car"
"3959","car_h","car_h_exp_trials","CAR","HUMAN","swerve","swerve","carsac","4v1","","","","","","",""
"3959","car_h","car_h_exp_trials","CAR","HUMAN","stay","stay","carsac","1v1","","","","","","",""
"3959","car_h","car_h_exp_trials","CAR","HUMAN","stay","swerve","road","2v1","","","","","","",""
"3959","car_h","car_h_exp_trials","CAR","HUMAN","stay","swerve","sidewalk","3v1","","","","","","",""
"3959","car_h","car_h_exp_trials","CAR","HUMAN","swerve","swerve","road","3v1","","","","","","",""
"3959","car_h","car_h_exp_trials","CAR","HUMAN","swerve","swerve","carsac","2v1","","","","","","",""
"3959","car_h","car_h_exp_trials","CAR","HUMAN","stay","stay","sidewalk","1v1","","","","","","",""
"3959","car_h","car_h_exp_trials","CAR","HUMAN","swerve","stay","road","1v1","","","","","","",""
"3959","car_h","car_h_exp_trials","CAR","HUMAN","swerve","swerve","road","4v1","","","","","","",""
"3959","car_h","car_h_exp_trials","CAR","HUMAN","swerve","swerve","sidewalk","4v1","","","","","","",""
"3959","car_h","car_h_exp_trials","CAR","HUMAN","stay","swerve","sidewalk","2v1","","","","","","",""
"3959","car_h","car_h_exp_trials","CAR","HUMAN","stay","swerve","carsac","3v1","","","","","","",""
"3959","car_h","questionnaire_h","CAR","HUMAN","","","","","","","","yes","4","female","car"
"3950","obs_h","obs_h_exp_trials","OBS","HUMAN","stay","swerve","sidewalk","2v1","","","","","","",""
"3950","obs_h","obs_h_exp_trials","OBS","HUMAN","swerve","swerve","road","2v1","","","","","","",""
"3950","obs_h","obs_h_exp_trials","OBS","HUMAN","swerve","swerve","road","4v1","","","","","","",""
"3950","obs_h","obs_h_exp_trials","OBS","HUMAN","swerve","swerve","carsac","4v1","","","","","","",""
"3950","obs_h","obs_h_exp_trials","OBS","HUMAN","stay","swerve","carsac","1v1","","","","","","",""
"3950","obs_h","obs_h_exp_trials","OBS","HUMAN","swerve","swerve","road","3v1","","","","","","",""
"3950","obs_h","obs_h_exp_trials","OBS","HUMAN","swerve","swerve","carsac","2v1","","","","","","",""
"3950","obs_h","obs_h_exp_trials","OBS","HUMAN","stay","stay","road","1v1","","","","","","",""
"3950","obs_h","obs_h_exp_trials","OBS","HUMAN","stay","swerve","sidewalk","4v1","","","","","","",""
"3950","obs_h","obs_h_exp_trials","OBS","HUMAN","stay","swerve","sidewalk","1v1","","","","","","",""
"3950","obs_h","obs_h_exp_trials","OBS","HUMAN","swerve","swerve","carsac","3v1","","","","","","",""
"3950","obs_h","obs_h_exp_trials","OBS","HUMAN","stay","swerve","sidewalk","3v1","","","","","","",""
"3950","obs_h","questionnaire_h","OBS","HUMAN","","","","","","","","no","2","female","ped"
"3974","car_av","car_av_exp_trials","CAR","AV","swerve","swerve","carsac","4v1","","","","","","",""
"3974","car_av","car_av_exp_trials","CAR","AV","stay","swerve","road","3v1","","","","","","",""
"3974","car_av","car_av_exp_trials","CAR","AV","swerve","stay","road","1v1","","","","","","",""
"3974","car_av","car_av_exp_trials","CAR","AV","swerve","swerve","carsac","3v1","","","","","","",""
"3974","car_av","car_av_exp_trials","CAR","AV","swerve","stay","carsac","1v1","","","","","","",""
"3974","car_av","car_av_exp_trials","CAR","AV","swerve","swerve","road","4v1","","","","","","",""
"3974","car_av","car_av_exp_trials","CAR","AV","swerve","stay","sidewalk","2v1","","","","","","",""
"3974","car_av","car_av_exp_trials","CAR","AV","stay","swerve","sidewalk","4v1","","","","","","",""
"3974","car_av","car_av_exp_trials","CAR","AV","stay","swerve","carsac","2v1","","","","","","",""
"3974","car_av","car_av_exp_trials","CAR","AV","stay","swerve","road","2v1","","","","","","",""
"3974","car_av","car_av_exp_trials","CAR","AV","stay","swerve","sidewalk","3v1","","","","","","",""
"3974","car_av","car_av_exp_trials","CAR","AV","stay","stay","sidewalk","1v1","","","","","","",""
"3974","car_av","quesionnaire_av","CAR","AV","","","","","","0","18-29","yes","4","female","car"
"3966","car_av","car_av_exp_trials","CAR","AV","stay","swerve","road","2v1","","","","","","",""
"3966","car_av","car_av_exp_trials","CAR","AV","swerve","swerve","carsac","4v1","","","","","","",""
"3966","car_av","car_av_exp_trials","CAR","AV","swerve","swerve","carsac","2v1","","","","","","",""
"3966","car_av","car_av_exp_trials","CAR","AV","swerve","swerve","sidewalk","3v1","","","","","","",""
"3966","car_av","car_av_exp_trials","CAR","AV","stay","swerve","sidewalk","4v1","","","","","","",""
"3966","car_av","car_av_exp_trials","CAR","AV","stay","swerve","road","1v1","","","","","","",""
"3966","car_av","car_av_exp_trials","CAR","AV","swerve","swerve","road","3v1","","","","","","",""
"3966","car_av","car_av_exp_trials","CAR","AV","swerve","swerve","sidewalk","1v1","","","","","","",""
"3966","car_av","car_av_exp_trials","CAR","AV","swerve","swerve","road","4v1","","","","","","",""
"3966","car_av","car_av_exp_trials","CAR","AV","stay","swerve","carsac","3v1","","","","","","",""
"3966","car_av","car_av_exp_trials","CAR","AV","stay","swerve","carsac","1v1","","","","","","",""
"3966","car_av","car_av_exp_trials","CAR","AV","stay","swerve","sidewalk","2v1","","","","","","",""
"3966","car_av","quesionnaire_av","CAR","AV","","","","","spain","5","18-29","yes","2","female","car"
"3982","ped_main_h","ped_main_h_exp_trials","PED_MAIN","HUMAN","stay","swerve","road","3v1","","","","","","",""
"3982","ped_main_h","ped_main_h_exp_trials","PED_MAIN","HUMAN","stay","swerve","road","4v1","","","","","","",""
"3982","ped_main_h","ped_main_h_exp_trials","PED_MAIN","HUMAN","stay","stay","carsac","2v1","","","","","","",""
"3982","ped_main_h","ped_main_h_exp_trials","PED_MAIN","HUMAN","swerve","swerve","sidewalk","4v1","","","","","","",""
"3982","ped_main_h","ped_main_h_exp_trials","PED_MAIN","HUMAN","swerve","stay","carsac","3v1","","","","","","",""
"3982","ped_main_h","ped_main_h_exp_trials","PED_MAIN","HUMAN","swerve","stay","carsac","4v1","","","","","","",""
"3982","ped_main_h","ped_main_h_exp_trials","PED_MAIN","HUMAN","swerve","swerve","road","1v1","","","","","","",""
"3982","ped_main_h","ped_main_h_exp_trials","PED_MAIN","HUMAN","stay","swerve","sidewalk","2v1","","","","","","",""
"3982","ped_main_h","ped_main_h_exp_trials","PED_MAIN","HUMAN","stay","swerve","sidewalk","3v1","","","","","","",""
"3982","ped_main_h","ped_main_h_exp_trials","PED_MAIN","HUMAN","swerve","swerve","sidewalk","1v1","","","","","","",""
"3982","ped_main_h","ped_main_h_exp_trials","PED_MAIN","HUMAN","stay","swerve","carsac","1v1","","","","","","",""
"3982","ped_main_h","ped_main_h_exp_trials","PED_MAIN","HUMAN","swerve","swerve","road","2v1","","","","","","",""
"3982","ped_main_h","questionnaire_h","PED_MAIN","HUMAN","","","","","","","","no","5","male","ped"
"3983","obs_av","obs_av_exp_trials","OBS","AV","swerve","swerve","carsac","4v1","","","","","","",""
"3983","obs_av","obs_av_exp_trials","OBS","AV","swerve","swerve","sidewalk","4v1","","","","","","",""
"3983","obs_av","obs_av_exp_trials","OBS","AV","swerve","swerve","carsac","2v1","","","","","","",""
"3983","obs_av","obs_av_exp_trials","OBS","AV","stay","swerve","road","4v1","","","","","","",""
"3983","obs_av","obs_av_exp_trials","OBS","AV","stay","swerve","sidewalk","1v1","","","","","","",""
"3983","obs_av","obs_av_exp_trials","OBS","AV","swerve","swerve","sidewalk","2v1","","","","","","",""
"3983","obs_av","obs_av_exp_trials","OBS","AV","stay","swerve","carsac","1v1","","","","","","",""
"3983","obs_av","obs_av_exp_trials","OBS","AV","stay","swerve","road","3v1","","","","","","",""
"3983","obs_av","obs_av_exp_trials","OBS","AV","stay","swerve","carsac","3v1","","","","","","",""
"3983","obs_av","obs_av_exp_trials","OBS","AV","swerve","swerve","road","1v1","","","","","","",""
"3983","obs_av","obs_av_exp_trials","OBS","AV","swerve","swerve","sidewalk","3v1","","","","","","",""
"3983","obs_av","obs_av_exp_trials","OBS","AV","stay","swerve","road","2v1","","","","","","",""
"3983","obs_av","quesionnaire_av","OBS","AV","","","","","armenia","0","18-29","yes","2","female","car"
"3992","ped_main_av","ped_main_av_exp_trials","PED_MAIN","AV","swerve","swerve","carsac","3v1","","","","","","",""
"3992","ped_main_av","ped_main_av_exp_trials","PED_MAIN","AV","stay","swerve","road","3v1","","","","","","",""
"3992","ped_main_av","ped_main_av_exp_trials","PED_MAIN","AV","swerve","stay","sidewalk","2v1","","","","","","",""
"3992","ped_main_av","ped_main_av_exp_trials","PED_MAIN","AV","stay","stay","road","2v1","","","","","","",""
"3992","ped_main_av","ped_main_av_exp_trials","PED_MAIN","AV","swerve","swerve","carsac","2v1","","","","","","",""
"3992","ped_main_av","ped_main_av_exp_trials","PED_MAIN","AV","stay","swerve","sidewalk","4v1","","","","","","",""
"3992","ped_main_av","ped_main_av_exp_trials","PED_MAIN","AV","swerve","swerve","road","4v1","","","","","","",""
"3992","ped_main_av","ped_main_av_exp_trials","PED_MAIN","AV","swerve","stay","sidewalk","1v1","","","","","","",""
"3992","ped_main_av","ped_main_av_exp_trials","PED_MAIN","AV","stay","swerve","carsac","4v1","","","","","","",""
"3992","ped_main_av","ped_main_av_exp_trials","PED_MAIN","AV","stay","swerve","sidewalk","3v1","","","","","","",""
"3992","ped_main_av","ped_main_av_exp_trials","PED_MAIN","AV","swerve","stay","carsac","1v1","","","","","","",""
"3992","ped_main_av","ped_main_av_exp_trials","PED_MAIN","AV","stay","stay","road","1v1","","","","","","",""
"3992","ped_main_av","quesionnaire_av","PED_MAIN","AV","","","","","armenia","0","18-29","yes","2","female","ped"
"3993","car_h","car_h_exp_trials","CAR","HUMAN","swerve","swerve","sidewalk","3v1","","","","","","",""
"3993","car_h","car_h_exp_trials","CAR","HUMAN","swerve","stay","sidewalk","1v1","","","","","","",""
"3993","car_h","car_h_exp_trials","CAR","HUMAN","stay","swerve","carsac","4v1","","","","","","",""
"3993","car_h","car_h_exp_trials","CAR","HUMAN","swerve","swerve","sidewalk","4v1","","","","","","",""
"3993","car_h","car_h_exp_trials","CAR","HUMAN","swerve","swerve","road","4v1","","","","","","",""
"3993","car_h","car_h_exp_trials","CAR","HUMAN","swerve","stay","road","1v1","","","","","","",""
"3993","car_h","car_h_exp_trials","CAR","HUMAN","swerve","swerve","carsac","2v1","","","","","","",""
"3993","car_h","car_h_exp_trials","CAR","HUMAN","stay","swerve","carsac","3v1","","","","","","",""
"3993","car_h","car_h_exp_trials","CAR","HUMAN","stay","swerve","road","2v1","","","","","","",""
"3993","car_h","car_h_exp_trials","CAR","HUMAN","stay","swerve","road","3v1","","","","","","",""
"3993","car_h","car_h_exp_trials","CAR","HUMAN","stay","swerve","sidewalk","2v1","","","","","","",""
"3993","car_h","car_h_exp_trials","CAR","HUMAN","stay","swerve","carsac","1v1","","","","","","",""
"3993","car_h","questionnaire_h","CAR","HUMAN","","","","","","","","yes","2","female","car"
"3986","car_h","car_h_exp_trials","CAR","HUMAN","swerve","swerve","carsac","3v1","","","","","","",""
"3986","car_h","car_h_exp_trials","CAR","HUMAN","stay","stay","road","1v1","","","","","","",""
"3986","car_h","car_h_exp_trials","CAR","HUMAN","swerve","swerve","road","4v1","","","","","","",""
"3986","car_h","car_h_exp_trials","CAR","HUMAN","stay","swerve","sidewalk","3v1","","","","","","",""
"3986","car_h","car_h_exp_trials","CAR","HUMAN","swerve","stay","carsac","1v1","","","","","","",""
"3986","car_h","car_h_exp_trials","CAR","HUMAN","swerve","swerve","sidewalk","4v1","","","","","","",""
"3986","car_h","car_h_exp_trials","CAR","HUMAN","stay","stay","road","2v1","","","","","","",""
"3986","car_h","car_h_exp_trials","CAR","HUMAN","stay","stay","sidewalk","1v1","","","","","","",""
"3986","car_h","car_h_exp_trials","CAR","HUMAN","stay","stay","carsac","2v1","","","","","","",""
"3986","car_h","car_h_exp_trials","CAR","HUMAN","stay","stay","carsac","4v1","","","","","","",""
"3986","car_h","car_h_exp_trials","CAR","HUMAN","swerve","stay","sidewalk","2v1","","","","","","",""
"3986","car_h","car_h_exp_trials","CAR","HUMAN","swerve","swerve","road","3v1","","","","","","",""
"3986","car_h","questionnaire_h","CAR","HUMAN","","","","","","","","yes","2","female","car"
"3994","ped_side_av","ped_side_av_exp_trials","PED_SIDE","AV","stay","swerve","road","4v1","","","","","","",""
"3994","ped_side_av","ped_side_av_exp_trials","PED_SIDE","AV","swerve","swerve","road","3v1","","","","","","",""
"3994","ped_side_av","ped_side_av_exp_trials","PED_SIDE","AV","stay","swerve","sidewalk","2v1","","","","","","",""
"3994","ped_side_av","ped_side_av_exp_trials","PED_SIDE","AV","stay","swerve","sidewalk","4v1","","","","","","",""
"3994","ped_side_av","ped_side_av_exp_trials","PED_SIDE","AV","stay","stay","road","1v1","","","","","","",""
"3994","ped_side_av","ped_side_av_exp_trials","PED_SIDE","AV","swerve","stay","road","2v1","","","","","","",""
"3994","ped_side_av","ped_side_av_exp_trials","PED_SIDE","AV","swerve","stay","sidewalk","1v1","","","","","","",""
"3994","ped_side_av","ped_side_av_exp_trials","PED_SIDE","AV","swerve","stay","sidewalk","3v1","","","","","","",""
"3994","ped_side_av","quesionnaire_av","PED_SIDE","AV","","","","","armenia","0","18-29","yes","4","female","car"
"3998","ped_side_h","ped_main_h_sanity","PED_MAIN","HUMAN","stay","stay","","","","","","","","",""
"3998","ped_side_h","ped_side_h_exp_trials","PED_SIDE","HUMAN","swerve","stay","sidewalk","4v1","","","","","","",""
"3998","ped_side_h","ped_side_h_exp_trials","PED_SIDE","HUMAN","stay","stay","sidewalk","3v1","","","","","","",""
"3998","ped_side_h","ped_side_h_exp_trials","PED_SIDE","HUMAN","stay","stay","sidewalk","1v1","","","","","","",""
"3998","ped_side_h","ped_side_h_exp_trials","PED_SIDE","HUMAN","swerve","stay","road","4v1","","","","","","",""
"3998","ped_side_h","ped_side_h_exp_trials","PED_SIDE","HUMAN","stay","stay","road","3v1","","","","","","",""
"3998","ped_side_h","ped_side_h_exp_trials","PED_SIDE","HUMAN","swerve","stay","road","1v1","","","","","","",""
"3998","ped_side_h","ped_side_h_exp_trials","PED_SIDE","HUMAN","stay","stay","road","2v1","","","","","","",""
"3998","ped_side_h","questionnaire_h","PED_SIDE","HUMAN","","","","","","","","yes","4","male","car"
"4012","car_av","car_av_exp_trials","CAR","AV","stay","stay","road","1v1","","","","","","",""
"4012","car_av","car_av_exp_trials","CAR","AV","swerve","stay","carsac","2v1","","","","","","",""
"4012","car_av","car_av_exp_trials","CAR","AV","swerve","stay","sidewalk","4v1","","","","","","",""
"4012","car_av","car_av_exp_trials","CAR","AV","stay","stay","road","2v1","","","","","","",""
"4012","car_av","car_av_exp_trials","CAR","AV","swerve","stay","road","3v1","","","","","","",""
"4012","car_av","car_av_exp_trials","CAR","AV","swerve","stay","sidewalk","1v1","","","","","","",""
"4012","car_av","car_av_exp_trials","CAR","AV","swerve","stay","carsac","4v1","","","","","","",""
"4012","car_av","car_av_exp_trials","CAR","AV","stay","stay","sidewalk","2v1","","","","","","",""
"4012","car_av","car_av_exp_trials","CAR","AV","swerve","stay","road","4v1","","","","","","",""
"4012","car_av","car_av_exp_trials","CAR","AV","stay","stay","carsac","1v1","","","","","","",""
"4012","car_av","car_av_exp_trials","CAR","AV","stay","stay","sidewalk","3v1","","","","","","",""
"4012","car_av","car_av_exp_trials","CAR","AV","stay","stay","carsac","3v1","","","","","","",""
"4012","car_av","quesionnaire_av","CAR","AV","","","","","armenia","5","18-29","yes","4","male","car"
"4017","ped_main_h","obs_av_exp_trials","OBS","AV","stay","stay","road","2v1","","","","","","",""
"4017","ped_main_h","obs_av_exp_trials","OBS","AV","swerve","stay","sidewalk","4v1","","","","","","",""
"4017","ped_main_h","obs_av_exp_trials","OBS","AV","stay","stay","road","4v1","","","","","","",""
"4017","ped_main_h","obs_av_exp_trials","OBS","AV","stay","stay","carsac","4v1","","","","","","",""
"4017","ped_main_h","obs_av_exp_trials","OBS","AV","swerve","stay","sidewalk","2v1","","","","","","",""
"4017","ped_main_h","obs_av_exp_trials","OBS","AV","swerve","stay","carsac","1v1","","","","","","",""
"4017","ped_main_h","obs_av_exp_trials","OBS","AV","swerve","stay","carsac","2v1","","","","","","",""
"4017","ped_main_h","obs_av_exp_trials","OBS","AV","stay","stay","carsac","3v1","","","","","","",""
"4017","ped_main_h","obs_av_exp_trials","OBS","AV","swerve","stay","sidewalk","1v1","","","","","","",""
"4017","ped_main_h","obs_av_exp_trials","OBS","AV","stay","stay","sidewalk","3v1","","","","","","",""
"4017","ped_main_h","obs_av_exp_trials","OBS","AV","stay","stay","road","1v1","","","","","","",""
"4017","ped_main_h","obs_av_exp_trials","OBS","AV","swerve","stay","road","3v1","","","","","","",""
"4017","ped_main_h","quesionnaire_av","OBS","AV","","","","","germany","0","18-29","yes","5","male","car"
"4028","ped_main_av","ped_main_av_exp_trials","PED_MAIN","AV","swerve","swerve","sidewalk","3v1","","","","","","",""
"4028","ped_main_av","ped_main_av_exp_trials","PED_MAIN","AV","stay","swerve","carsac","2v1","","","","","","",""
"4028","ped_main_av","ped_main_av_exp_trials","PED_MAIN","AV","swerve","swerve","sidewalk","2v1","","","","","","",""
"4028","ped_main_av","ped_main_av_exp_trials","PED_MAIN","AV","stay","swerve","carsac","3v1","","","","","","",""
"4028","ped_main_av","ped_main_av_exp_trials","PED_MAIN","AV","swerve","swerve","carsac","4v1","","","","","","",""
"4028","ped_main_av","ped_main_av_exp_trials","PED_MAIN","AV","swerve","swerve","road","1v1","","","","","","",""
"4028","ped_main_av","ped_main_av_exp_trials","PED_MAIN","AV","swerve","swerve","road","4v1","","","","","","",""
"4028","ped_main_av","ped_main_av_exp_trials","PED_MAIN","AV","stay","swerve","carsac","1v1","","","","","","",""
"4028","ped_main_av","ped_main_av_exp_trials","PED_MAIN","AV","swerve","swerve","sidewalk","1v1","","","","","","",""
"4028","ped_main_av","ped_main_av_exp_trials","PED_MAIN","AV","stay","swerve","sidewalk","4v1","","","","","","",""
"4028","ped_main_av","ped_main_av_exp_trials","PED_MAIN","AV","stay","swerve","road","2v1","","","","","","",""
"4028","ped_main_av","ped_main_av_exp_trials","PED_MAIN","AV","stay","swerve","road","3v1","","","","","","",""
"4028","ped_main_av","quesionnaire_av","PED_MAIN","AV","","","","","israel","6-10","18-29","yes","5","male","ped"
"4043","obs_h","obs_h_exp_trials","OBS","HUMAN","swerve","stay","sidewalk","2v1","","","","","","",""
"4043","obs_h","obs_h_exp_trials","OBS","HUMAN","swerve","swerve","carsac","1v1","","","","","","",""
"4043","obs_h","obs_h_exp_trials","OBS","HUMAN","stay","stay","road","1v1","","","","","","",""
"4043","obs_h","obs_h_exp_trials","OBS","HUMAN","swerve","stay","road","2v1","","","","","","",""
"4043","obs_h","obs_h_exp_trials","OBS","HUMAN","stay","stay","sidewalk","4v1","","","","","","",""
"4043","obs_h","obs_h_exp_trials","OBS","HUMAN","stay","stay","carsac","4v1","","","","","","",""
"4043","obs_h","obs_h_exp_trials","OBS","HUMAN","swerve","stay","sidewalk","1v1","","","","","","",""
"4043","obs_h","obs_h_exp_trials","OBS","HUMAN","stay","stay","carsac","3v1","","","","","","",""
"4043","obs_h","obs_h_exp_trials","OBS","HUMAN","stay","stay","carsac","2v1","","","","","","",""
"4043","obs_h","obs_h_exp_trials","OBS","HUMAN","swerve","stay","road","4v1","","","","","","",""
"4043","obs_h","obs_h_exp_trials","OBS","HUMAN","swerve","stay","road","3v1","","","","","","",""
"4043","obs_h","obs_h_exp_trials","OBS","HUMAN","stay","stay","sidewalk","3v1","","","","","","",""
"4043","obs_h","questionnaire_h","OBS","HUMAN","","","","","","","","yes","1","female","car"
"4042","obs_h","obs_h_exp_trials","OBS","HUMAN","stay","stay","sidewalk","3v1","","","","","","",""
"4042","obs_h","obs_h_exp_trials","OBS","HUMAN","stay","swerve","road","3v1","","","","","","",""
"4042","obs_h","obs_h_exp_trials","OBS","HUMAN","stay","swerve","sidewalk","4v1","","","","","","",""
"4042","obs_h","obs_h_exp_trials","OBS","HUMAN","swerve","stay","road","1v1","","","","","","",""
"4042","obs_h","obs_h_exp_trials","OBS","HUMAN","stay","stay","carsac","3v1","","","","","","",""
"4042","obs_h","obs_h_exp_trials","OBS","HUMAN","stay","swerve","sidewalk","2v1","","","","","","",""
"4042","obs_h","obs_h_exp_trials","OBS","HUMAN","stay","swerve","carsac","4v1","","","","","","",""
"4042","obs_h","obs_h_exp_trials","OBS","HUMAN","swerve","swerve","road","4v1","","","","","","",""
"4042","obs_h","obs_h_exp_trials","OBS","HUMAN","swerve","stay","sidewalk","1v1","","","","","","",""
"4042","obs_h","obs_h_exp_trials","OBS","HUMAN","swerve","stay","carsac","1v1","","","","","","",""
"4042","obs_h","obs_h_exp_trials","OBS","HUMAN","swerve","swerve","carsac","2v1","","","","","","",""
"4042","obs_h","obs_h_exp_trials","OBS","HUMAN","swerve","stay","road","2v1","","","","","","",""
"4042","obs_h","questionnaire_h","OBS","HUMAN","","","","","","","","no","2","female","car"
"4054","ped_side_h","ped_side_h_exp_trials","PED_SIDE","HUMAN","swerve","swerve","road","3v1","","","","","","",""
"4054","ped_side_h","ped_side_h_exp_trials","PED_SIDE","HUMAN","stay","swerve","sidewalk","1v1","","","","","","",""
"4054","ped_side_h","ped_side_h_exp_trials","PED_SIDE","HUMAN","swerve","swerve","sidewalk","2v1","","","","","","",""
"4054","ped_side_h","ped_side_h_exp_trials","PED_SIDE","HUMAN","swerve","swerve","road","2v1","","","","","","",""
"4054","ped_side_h","ped_side_h_exp_trials","PED_SIDE","HUMAN","stay","swerve","sidewalk","4v1","","","","","","",""
"4054","ped_side_h","ped_side_h_exp_trials","PED_SIDE","HUMAN","stay","swerve","road","1v1","","","","","","",""
"4054","ped_side_h","ped_side_h_exp_trials","PED_SIDE","HUMAN","stay","swerve","road","4v1","","","","","","",""
"4054","ped_side_h","ped_side_h_exp_trials","PED_SIDE","HUMAN","swerve","swerve","sidewalk","3v1","","","","","","",""
"4054","ped_side_h","questionnaire_h","PED_SIDE","HUMAN","","","","","","","","yes","3","female","ped"
"4065","car_h","car_h_exp_trials","CAR","HUMAN","swerve","swerve","road","3v1","","","","","","",""
"4065","car_h","car_h_exp_trials","CAR","HUMAN","swerve","stay","carsac","3v1","","","","","","",""
"4065","car_h","car_h_exp_trials","CAR","HUMAN","swerve","swerve","road","4v1","","","","","","",""
"4065","car_h","car_h_exp_trials","CAR","HUMAN","stay","stay","carsac","1v1","","","","","","",""
"4065","car_h","car_h_exp_trials","CAR","HUMAN","stay","swerve","sidewalk","3v1","","","","","","",""
"4065","car_h","car_h_exp_trials","CAR","HUMAN","stay","swerve","sidewalk","2v1","","","","","","",""
"4065","car_h","car_h_exp_trials","CAR","HUMAN","swerve","swerve","sidewalk","4v1","","","","","","",""
"4065","car_h","car_h_exp_trials","CAR","HUMAN","stay","stay","road","1v1","","","","","","",""
"4065","car_h","car_h_exp_trials","CAR","HUMAN","stay","stay","carsac","4v1","","","","","","",""
"4065","car_h","car_h_exp_trials","CAR","HUMAN","swerve","stay","carsac","2v1","","","","","","",""
"4065","car_h","car_h_exp_trials","CAR","HUMAN","stay","stay","sidewalk","1v1","","","","","","",""
"4065","car_h","car_h_exp_trials","CAR","HUMAN","swerve","swerve","road","2v1","","","","","","",""
"4065","car_h","questionnaire_h","CAR","HUMAN","","","","","","","","yes","4","male","car"
"4066","ped_side_av","ped_side_av_exp_trials","PED_SIDE","AV","swerve","swerve","sidewalk","1v1","","","","","","",""
"4066","ped_side_av","ped_side_av_exp_trials","PED_SIDE","AV","swerve","swerve","road","2v1","","","","","","",""
"4066","ped_side_av","ped_side_av_exp_trials","PED_SIDE","AV","swerve","swerve","sidewalk","3v1","","","","","","",""
"4066","ped_side_av","ped_side_av_exp_trials","PED_SIDE","AV","stay","swerve","sidewalk","2v1","","","","","","",""
"4066","ped_side_av","ped_side_av_exp_trials","PED_SIDE","AV","stay","stay","road","1v1","","","","","","",""
"4066","ped_side_av","ped_side_av_exp_trials","PED_SIDE","AV","stay","swerve","road","3v1","","","","","","",""
"4066","ped_side_av","ped_side_av_exp_trials","PED_SIDE","AV","stay","swerve","sidewalk","4v1","","","","","","",""
"4066","ped_side_av","ped_side_av_exp_trials","PED_SIDE","AV","swerve","swerve","road","4v1","","","","","","",""
"4066","ped_side_av","quesionnaire_av","PED_SIDE","AV","","","","","russia","5","18-29","yes","3","female","ped"
"4075","ped_main_av","ped_main_av_exp_trials","PED_MAIN","AV","swerve","stay","road","1v1","","","","","","",""
"4075","ped_main_av","ped_main_av_exp_trials","PED_MAIN","AV","stay","stay","carsac","1v1","","","","","","",""
"4075","ped_main_av","ped_main_av_exp_trials","PED_MAIN","AV","stay","swerve","road","4v1","","","","","","",""
"4075","ped_main_av","ped_main_av_exp_trials","PED_MAIN","AV","stay","swerve","road","2v1","","","","","","",""
"4075","ped_main_av","ped_main_av_exp_trials","PED_MAIN","AV","swerve","stay","sidewalk","4v1","","","","","","",""
"4075","ped_main_av","ped_main_av_exp_trials","PED_MAIN","AV","swerve","stay","sidewalk","3v1","","","","","","",""
"4075","ped_main_av","ped_main_av_exp_trials","PED_MAIN","AV","stay","stay","sidewalk","2v1","","","","","","",""
"4075","ped_main_av","ped_main_av_exp_trials","PED_MAIN","AV","stay","swerve","carsac","4v1","","","","","","",""
"4075","ped_main_av","ped_main_av_exp_trials","PED_MAIN","AV","swerve","stay","sidewalk","1v1","","","","","","",""
"4075","ped_main_av","ped_main_av_exp_trials","PED_MAIN","AV","swerve","stay","road","3v1","","","","","","",""
"4075","ped_main_av","ped_main_av_exp_trials","PED_MAIN","AV","stay","swerve","carsac","2v1","","","","","","",""
"4075","ped_main_av","ped_main_av_exp_trials","PED_MAIN","AV","swerve","swerve","carsac","3v1","","","","","","",""
"4075","ped_main_av","quesionnaire_av","PED_MAIN","AV","","","","","latvia","10+","50-59","yes","3","male","ped"
"4077","obs_av","obs_av_exp_trials","OBS","AV","stay","stay","road","2v1","","","","","","",""
"4077","obs_av","obs_av_exp_trials","OBS","AV","stay","swerve","road","4v1","","","","","","",""
"4077","obs_av","obs_av_exp_trials","OBS","AV","stay","swerve","carsac","3v1","","","","","","",""
"4077","obs_av","obs_av_exp_trials","OBS","AV","stay","stay","sidewalk","2v1","","","","","","",""
"4077","obs_av","obs_av_exp_trials","OBS","AV","swerve","stay","carsac","1v1","","","","","","",""
"4077","obs_av","obs_av_exp_trials","OBS","AV","swerve","stay","sidewalk","3v1","","","","","","",""
"4077","obs_av","obs_av_exp_trials","OBS","AV","swerve","stay","carsac","2v1","","","","","","",""
"4077","obs_av","obs_av_exp_trials","OBS","AV","stay","stay","sidewalk","4v1","","","","","","",""
"4077","obs_av","obs_av_exp_trials","OBS","AV","swerve","stay","road","3v1","","","","","","",""
"4077","obs_av","obs_av_exp_trials","OBS","AV","stay","stay","carsac","4v1","","","","","","",""
"4077","obs_av","obs_av_exp_trials","OBS","AV","swerve","stay","road","1v1","","","","","","",""
"4077","obs_av","obs_av_exp_trials","OBS","AV","swerve","stay","sidewalk","1v1","","","","","","",""
"4077","obs_av","quesionnaire_av","OBS","AV","","","","","russia","6-10","18-29","yes","1","male","car"
"4082","ped_main_h","ped_main_h_exp_trials","PED_MAIN","HUMAN","stay","swerve","sidewalk","1v1","","","","","","",""
"4082","ped_main_h","ped_main_h_exp_trials","PED_MAIN","HUMAN","swerve","swerve","carsac","1v1","","","","","","",""
"4082","ped_main_h","ped_main_h_exp_trials","PED_MAIN","HUMAN","swerve","swerve","road","1v1","","","","","","",""
"4082","ped_main_h","ped_main_h_exp_trials","PED_MAIN","HUMAN","stay","swerve","sidewalk","3v1","","","","","","",""
"4082","ped_main_h","ped_main_h_exp_trials","PED_MAIN","HUMAN","stay","swerve","carsac","4v1","","","","","","",""
"4082","ped_main_h","ped_main_h_exp_trials","PED_MAIN","HUMAN","swerve","swerve","carsac","2v1","","","","","","",""
"4082","ped_main_h","ped_main_h_exp_trials","PED_MAIN","HUMAN","swerve","swerve","carsac","3v1","","","","","","",""
"4082","ped_main_h","ped_main_h_exp_trials","PED_MAIN","HUMAN","swerve","swerve","road","3v1","","","","","","",""
"4082","ped_main_h","ped_main_h_exp_trials","PED_MAIN","HUMAN","stay","swerve","road","4v1","","","","","","",""
"4082","ped_main_h","ped_main_h_exp_trials","PED_MAIN","HUMAN","stay","swerve","sidewalk","2v1","","","","","","",""
"4082","ped_main_h","ped_main_h_exp_trials","PED_MAIN","HUMAN","swerve","swerve","sidewalk","4v1","","","","","","",""
"4082","ped_main_h","ped_main_h_exp_trials","PED_MAIN","HUMAN","stay","swerve","road","2v1","","","","","","",""
"4082","ped_main_h","questionnaire_h","PED_MAIN","HUMAN","","","","","","","","yes","2","male","ped"
"4084","ped_side_h","ped_side_h_exp_trials","PED_SIDE","HUMAN","swerve","stay","road","3v1","","","","","","",""
"4084","ped_side_h","ped_side_h_exp_trials","PED_SIDE","HUMAN","stay","swerve","sidewalk","4v1","","","","","","",""
"4084","ped_side_h","ped_side_h_exp_trials","PED_SIDE","HUMAN","swerve","stay","road","1v1","","","","","","",""
"4084","ped_side_h","ped_side_h_exp_trials","PED_SIDE","HUMAN","stay","stay","sidewalk","1v1","","","","","","",""
"4084","ped_side_h","ped_side_h_exp_trials","PED_SIDE","HUMAN","swerve","swerve","sidewalk","2v1","","","","","","",""
"4084","ped_side_h","ped_side_h_exp_trials","PED_SIDE","HUMAN","stay","swerve","road","4v1","","","","","","",""
"4084","ped_side_h","ped_side_h_exp_trials","PED_SIDE","HUMAN","stay","swerve","sidewalk","3v1","","","","","","",""
"4084","ped_side_h","ped_side_h_exp_trials","PED_SIDE","HUMAN","swerve","stay","road","2v1","","","","","","",""
"4084","ped_side_h","questionnaire_h","PED_SIDE","HUMAN","","","","","","","","yes","1","male","car"
"4134","car_av","car_av_exp_trials","CAR","AV","swerve","swerve","sidewalk","4v1","","","","","","",""
"4134","car_av","car_av_exp_trials","CAR","AV","stay","swerve","road","2v1","","","","","","",""
"4134","car_av","car_av_exp_trials","CAR","AV","stay","swerve","road","4v1","","","","","","",""
"4134","car_av","car_av_exp_trials","CAR","AV","swerve","swerve","carsac","1v1","","","","","","",""
"4134","car_av","car_av_exp_trials","CAR","AV","stay","swerve","sidewalk","2v1","","","","","","",""
"4134","car_av","car_av_exp_trials","CAR","AV","swerve","swerve","carsac","3v1","","","","","","",""
"4134","car_av","car_av_exp_trials","CAR","AV","stay","swerve","carsac","2v1","","","","","","",""
"4134","car_av","car_av_exp_trials","CAR","AV","stay","swerve","road","3v1","","","","","","",""
"4134","car_av","car_av_exp_trials","CAR","AV","swerve","stay","road","1v1","","","","","","",""
"4134","car_av","car_av_exp_trials","CAR","AV","stay","swerve","carsac","4v1","","","","","","",""
"4134","car_av","car_av_exp_trials","CAR","AV","swerve","stay","sidewalk","1v1","","","","","","",""
"4134","car_av","car_av_exp_trials","CAR","AV","swerve","swerve","sidewalk","3v1","","","","","","",""
"4134","car_av","quesionnaire_av","CAR","AV","","","","","germany","6-10","18-29","yes","4","male","car"
"4135","ped_main_av","ped_main_av_exp_trials","PED_MAIN","AV","stay","swerve","carsac","4v1","","","","","","",""
"4135","ped_main_av","ped_main_av_exp_trials","PED_MAIN","AV","stay","swerve","carsac","3v1","","","","","","",""
"4135","ped_main_av","ped_main_av_exp_trials","PED_MAIN","AV","stay","swerve","road","4v1","","","","","","",""
"4135","ped_main_av","ped_main_av_exp_trials","PED_MAIN","AV","stay","swerve","sidewalk","3v1","","","","","","",""
"4135","ped_main_av","ped_main_av_exp_trials","PED_MAIN","AV","swerve","stay","road","1v1","","","","","","",""
"4135","ped_main_av","ped_main_av_exp_trials","PED_MAIN","AV","stay","stay","road","2v1","","","","","","",""
"4135","ped_main_av","ped_main_av_exp_trials","PED_MAIN","AV","stay","swerve","sidewalk","4v1","","","","","","",""
"4135","ped_main_av","ped_main_av_exp_trials","PED_MAIN","AV","swerve","swerve","road","3v1","","","","","","",""
"4135","ped_main_av","ped_main_av_exp_trials","PED_MAIN","AV","swerve","swerve","carsac","2v1","","","","","","",""
"4135","ped_main_av","ped_main_av_exp_trials","PED_MAIN","AV","swerve","stay","sidewalk","1v1","","","","","","",""
"4135","ped_main_av","ped_main_av_exp_trials","PED_MAIN","AV","swerve","stay","sidewalk","2v1","","","","","","",""
"4135","ped_main_av","ped_main_av_exp_trials","PED_MAIN","AV","swerve","swerve","carsac","1v1","","","","","","",""
"4135","ped_main_av","quesionnaire_av","PED_MAIN","AV","","","","","germany","5","30-39","yes","4","male","ped"
"4138","car_h","car_h_exp_trials","CAR","HUMAN","stay","swerve","road","3v1","","","","","","",""
"4138","car_h","car_h_exp_trials","CAR","HUMAN","stay","stay","sidewalk","3v1","","","","","","",""
"4138","car_h","car_h_exp_trials","CAR","HUMAN","swerve","swerve","carsac","3v1","","","","","","",""
"4138","car_h","car_h_exp_trials","CAR","HUMAN","swerve","stay","road","1v1","","","","","","",""
"4138","car_h","car_h_exp_trials","CAR","HUMAN","swerve","stay","sidewalk","4v1","","","","","","",""
"4138","car_h","car_h_exp_trials","CAR","HUMAN","stay","swerve","road","2v1","","","","","","",""
"4138","car_h","car_h_exp_trials","CAR","HUMAN","stay","swerve","carsac","2v1","","","","","","",""
"4138","car_h","car_h_exp_trials","CAR","HUMAN","swerve","stay","road","4v1","","","","","","",""
"4138","car_h","car_h_exp_trials","CAR","HUMAN","stay","swerve","carsac","4v1","","","","","","",""
"4138","car_h","car_h_exp_trials","CAR","HUMAN","swerve","stay","sidewalk","2v1","","","","","","",""
"4138","car_h","car_h_exp_trials","CAR","HUMAN","swerve","stay","sidewalk","1v1","","","","","","",""
"4138","car_h","car_h_exp_trials","CAR","HUMAN","stay","swerve","carsac","1v1","","","","","","",""
"4138","car_h","questionnaire_h","CAR","HUMAN","","","","","","","","yes","1","female","car"
"4139","obs_h","obs_h_exp_trials","OBS","HUMAN","swerve","stay","carsac","3v1","","","","","","",""
"4139","obs_h","obs_h_exp_trials","OBS","HUMAN","stay","stay","sidewalk","4v1","","","","","","",""
"4139","obs_h","obs_h_exp_trials","OBS","HUMAN","swerve","stay","carsac","1v1","","","","","","",""
"4139","obs_h","obs_h_exp_trials","OBS","HUMAN","stay","stay","sidewalk","3v1","","","","","","",""
"4139","obs_h","obs_h_exp_trials","OBS","HUMAN","swerve","stay","road","1v1","","","","","","",""
"4139","obs_h","obs_h_exp_trials","OBS","HUMAN","stay","stay","carsac","2v1","","","","","","",""
"4139","obs_h","obs_h_exp_trials","OBS","HUMAN","stay","stay","road","2v1","","","","","","",""
"4139","obs_h","obs_h_exp_trials","OBS","HUMAN","stay","stay","sidewalk","1v1","","","","","","",""
"4139","obs_h","obs_h_exp_trials","OBS","HUMAN","swerve","stay","sidewalk","2v1","","","","","","",""
"4139","obs_h","obs_h_exp_trials","OBS","HUMAN","stay","swerve","road","4v1","","","","","","",""
"4139","obs_h","obs_h_exp_trials","OBS","HUMAN","swerve","stay","carsac","4v1","","","","","","",""
"4139","obs_h","obs_h_exp_trials","OBS","HUMAN","swerve","swerve","road","3v1","","","","","","",""
"4139","obs_h","questionnaire_h","OBS","HUMAN","","","","","","","","yes","5","male","ped"
"4141","ped_side_h","ped_side_h_exp_trials","PED_SIDE","HUMAN","stay","swerve","sidewalk","3v1","","","","","","",""
"4141","ped_side_h","ped_side_h_exp_trials","PED_SIDE","HUMAN","swerve","swerve","sidewalk","2v1","","","","","","",""
"4141","ped_side_h","ped_side_h_exp_trials","PED_SIDE","HUMAN","stay","stay","sidewalk","1v1","","","","","","",""
"4141","ped_side_h","ped_side_h_exp_trials","PED_SIDE","HUMAN","stay","swerve","road","4v1","","","","","","",""
"4141","ped_side_h","ped_side_h_exp_trials","PED_SIDE","HUMAN","stay","stay","road","1v1","","","","","","",""
"4141","ped_side_h","ped_side_h_exp_trials","PED_SIDE","HUMAN","swerve","swerve","sidewalk","4v1","","","","","","",""
"4141","ped_side_h","ped_side_h_exp_trials","PED_SIDE","HUMAN","swerve","swerve","road","3v1","","","","","","",""
"4141","ped_side_h","ped_side_h_exp_trials","PED_SIDE","HUMAN","swerve","swerve","road","2v1","","","","","","",""
"4141","ped_side_h","questionnaire_h","PED_SIDE","HUMAN","","","","","","","","yes","3","male","car"
"4150","obs_av","obs_av_exp_trials","OBS","AV","swerve","stay","sidewalk","1v1","","","","","","",""
"4150","obs_av","obs_av_exp_trials","OBS","AV","stay","swerve","road","3v1","","","","","","",""
"4150","obs_av","obs_av_exp_trials","OBS","AV","stay","stay","sidewalk","4v1","","","","","","",""
"4150","obs_av","obs_av_exp_trials","OBS","AV","swerve","swerve","road","4v1","","","","","","",""
"4150","obs_av","obs_av_exp_trials","OBS","AV","stay","swerve","carsac","1v1","","","","","","",""
"4150","obs_av","obs_av_exp_trials","OBS","AV","stay","swerve","carsac","4v1","","","","","","",""
"4150","obs_av","obs_av_exp_trials","OBS","AV","stay","stay","sidewalk","3v1","","","","","","",""
"4150","obs_av","obs_av_exp_trials","OBS","AV","stay","stay","sidewalk","2v1","","","","","","",""
"4150","obs_av","obs_av_exp_trials","OBS","AV","swerve","swerve","carsac","2v1","","","","","","",""
"4150","obs_av","obs_av_exp_trials","OBS","AV","swerve","stay","road","1v1","","","","","","",""
"4150","obs_av","obs_av_exp_trials","OBS","AV","swerve","swerve","carsac","3v1","","","","","","",""
"4150","obs_av","obs_av_exp_trials","OBS","AV","swerve","swerve","road","2v1","","","","","","",""
"4150","obs_av","quesionnaire_av","OBS","AV","","","","","armenia","10+","30-39","yes","3","male","ped"
"4151","ped_side_av","ped_side_av_exp_trials","PED_SIDE","AV","stay","swerve","sidewalk","4v1","","","","","","",""
"4151","ped_side_av","ped_side_av_exp_trials","PED_SIDE","AV","swerve","swerve","road","1v1","","","","","","",""
"4151","ped_side_av","ped_side_av_exp_trials","PED_SIDE","AV","stay","swerve","sidewalk","1v1","","","","","","",""
"4151","ped_side_av","ped_side_av_exp_trials","PED_SIDE","AV","swerve","swerve","road","3v1","","","","","","",""
"4151","ped_side_av","ped_side_av_exp_trials","PED_SIDE","AV","stay","swerve","sidewalk","2v1","","","","","","",""
"4151","ped_side_av","ped_side_av_exp_trials","PED_SIDE","AV","swerve","swerve","road","4v1","","","","","","",""
"4151","ped_side_av","ped_side_av_exp_trials","PED_SIDE","AV","stay","swerve","road","2v1","","","","","","",""
"4151","ped_side_av","ped_side_av_exp_trials","PED_SIDE","AV","swerve","swerve","sidewalk","3v1","","","","","","",""
"4151","ped_side_av","quesionnaire_av","PED_SIDE","AV","","","","","armenia","5","30-39","no","3","female","ped"
"4207","car_av","car_av_exp_trials","CAR","AV","stay","swerve","road","3v1","","","","","","",""
"4207","car_av","car_av_exp_trials","CAR","AV","swerve","swerve","sidewalk","2v1","","","","","","",""
"4207","car_av","car_av_exp_trials","CAR","AV","stay","swerve","carsac","3v1","","","","","","",""
"4207","car_av","car_av_exp_trials","CAR","AV","swerve","swerve","road","2v1","","","","","","",""
"4207","car_av","car_av_exp_trials","CAR","AV","stay","swerve","sidewalk","3v1","","","","","","",""
"4207","car_av","car_av_exp_trials","CAR","AV","stay","swerve","road","4v1","","","","","","",""
"4207","car_av","car_av_exp_trials","CAR","AV","swerve","swerve","carsac","2v1","","","","","","",""
"4207","car_av","car_av_exp_trials","CAR","AV","stay","swerve","carsac","1v1","","","","","","",""
"4207","car_av","car_av_exp_trials","CAR","AV","swerve","stay","sidewalk","1v1","","","","","","",""
"4207","car_av","car_av_exp_trials","CAR","AV","stay","swerve","carsac","4v1","","","","","","",""
"4207","car_av","car_av_exp_trials","CAR","AV","swerve","swerve","sidewalk","4v1","","","","","","",""
"4207","car_av","car_av_exp_trials","CAR","AV","swerve","stay","road","1v1","","","","","","",""
"4207","car_av","quesionnaire_av","CAR","AV","","","","","russia","10+","60-69","yes","4","male","car"
"4209","car_h","car_h_exp_trials","CAR","HUMAN","swerve","swerve","sidewalk","4v1","","","","","","",""
"4209","car_h","car_h_exp_trials","CAR","HUMAN","swerve","swerve","sidewalk","2v1","","","","","","",""
"4209","car_h","car_h_exp_trials","CAR","HUMAN","stay","stay","road","1v1","","","","","","",""
"4209","car_h","car_h_exp_trials","CAR","HUMAN","stay","swerve","carsac","2v1","","","","","","",""
"4209","car_h","car_h_exp_trials","CAR","HUMAN","swerve","swerve","road","2v1","","","","","","",""
"4209","car_h","car_h_exp_trials","CAR","HUMAN","stay","stay","sidewalk","1v1","","","","","","",""
"4209","car_h","car_h_exp_trials","CAR","HUMAN","stay","swerve","carsac","3v1","","","","","","",""
"4209","car_h","car_h_exp_trials","CAR","HUMAN","stay","swerve","carsac","1v1","","","","","","",""
"4209","car_h","car_h_exp_trials","CAR","HUMAN","swerve","swerve","carsac","4v1","","","","","","",""
"4209","car_h","car_h_exp_trials","CAR","HUMAN","swerve","swerve","road","3v1","","","","","","",""
"4209","car_h","car_h_exp_trials","CAR","HUMAN","swerve","swerve","sidewalk","3v1","","","","","","",""
"4209","car_h","questionnaire_h","CAR","HUMAN","stay","swerve","road","4v1","","","","","","",""
"4209","car_h","questionnaire_h","CAR","HUMAN","","","","","","","","yes","4","male","car"
"4171","ped_main_h","ped_main_h_exp_trials","PED_MAIN","HUMAN","swerve","stay","carsac","4v1","","","","","","",""
"4171","ped_main_h","ped_main_h_exp_trials","PED_MAIN","HUMAN","stay","swerve","carsac","2v1","","","","","","",""
"4171","ped_main_h","ped_main_h_exp_trials","PED_MAIN","HUMAN","stay","swerve","road","1v1","","","","","","",""
"4171","ped_main_h","ped_main_h_exp_trials","PED_MAIN","HUMAN","stay","swerve","road","3v1","","","","","","",""
"4171","ped_main_h","ped_main_h_exp_trials","PED_MAIN","HUMAN","swerve","swerve","carsac","1v1","","","","","","",""
"4171","ped_main_h","ped_main_h_exp_trials","PED_MAIN","HUMAN","swerve","swerve","road","2v1","","","","","","",""
"4171","ped_main_h","ped_main_h_exp_trials","PED_MAIN","HUMAN","swerve","stay","sidewalk","3v1","","","","","","",""
"4171","ped_main_h","ped_main_h_exp_trials","PED_MAIN","HUMAN","stay","swerve","sidewalk","1v1","","","","","","",""
"4171","ped_main_h","ped_main_h_exp_trials","PED_MAIN","HUMAN","stay","stay","sidewalk","4v1","","","","","","",""
"4171","ped_main_h","ped_main_h_exp_trials","PED_MAIN","HUMAN","swerve","stay","road","4v1","","","","","","",""
"4171","ped_main_h","ped_main_h_exp_trials","PED_MAIN","HUMAN","stay","stay","sidewalk","2v1","","","","","","",""
"4171","ped_main_h","ped_main_h_exp_trials","PED_MAIN","HUMAN","swerve","stay","carsac","3v1","","","","","","",""
"4171","ped_main_h","questionnaire_h","PED_MAIN","HUMAN","","","","","","","","yes","1","female","ped"
"4173","car_av","car_av_exp_trials","CAR","AV","stay","swerve","road","3v1","","","","","","",""
"4173","car_av","car_av_exp_trials","CAR","AV","swerve","swerve","sidewalk","3v1","","","","","","",""
"4173","car_av","car_av_exp_trials","CAR","AV","stay","swerve","road","2v1","","","","","","",""
"4173","car_av","car_av_exp_trials","CAR","AV","swerve","swerve","carsac","1v1","","","","","","",""
"4173","car_av","car_av_exp_trials","CAR","AV","swerve","swerve","carsac","3v1","","","","","","",""
"4173","car_av","car_av_exp_trials","CAR","AV","stay","swerve","carsac","4v1","","","","","","",""
"4173","car_av","car_av_exp_trials","CAR","AV","swerve","swerve","sidewalk","2v1","","","","","","",""
"4173","car_av","car_av_exp_trials","CAR","AV","swerve","swerve","road","4v1","","","","","","",""
"4173","car_av","car_av_exp_trials","CAR","AV","stay","stay","sidewalk","1v1","","","","","","",""
"4173","car_av","car_av_exp_trials","CAR","AV","stay","stay","road","1v1","","","","","","",""
"4173","car_av","car_av_exp_trials","CAR","AV","swerve","swerve","carsac","2v1","","","","","","",""
"4173","car_av","car_av_exp_trials","CAR","AV","stay","swerve","sidewalk","4v1","","","","","","",""
"4173","car_av","quesionnaire_av","CAR","AV","","","","","germany","5","30-39","yes","4","female","car"
"4180","obs_av","obs_av_exp_trials","OBS","AV","swerve","swerve","road","4v1","","","","","","",""
"4180","obs_av","obs_av_exp_trials","OBS","AV","swerve","swerve","road","3v1","","","","","","",""
"4180","obs_av","obs_av_exp_trials","OBS","AV","stay","swerve","carsac","3v1","","","","","","",""
"4180","obs_av","obs_av_exp_trials","OBS","AV","swerve","swerve","carsac","2v1","","","","","","",""
"4180","obs_av","obs_av_exp_trials","OBS","AV","stay","swerve","sidewalk","4v1","","","","","","",""
"4180","obs_av","obs_av_exp_trials","OBS","AV","swerve","swerve","road","1v1","","","","","","",""
"4180","obs_av","obs_av_exp_trials","OBS","AV","swerve","swerve","sidewalk","1v1","","","","","","",""
"4180","obs_av","obs_av_exp_trials","OBS","AV","stay","swerve","sidewalk","3v1","","","","","","",""
"4180","obs_av","obs_av_exp_trials","OBS","AV","stay","swerve","road","2v1","","","","","","",""
"4180","obs_av","obs_av_exp_trials","OBS","AV","stay","swerve","sidewalk","2v1","","","","","","",""
"4180","obs_av","obs_av_exp_trials","OBS","AV","stay","swerve","carsac","1v1","","","","","","",""
"4180","obs_av","obs_av_exp_trials","OBS","AV","swerve","swerve","carsac","4v1","","","","","","",""
"4180","obs_av","quesionnaire_av","OBS","AV","","","","","russia","0","50-59","no","2","female","ped"
"4183","ped_main_av","ped_main_av_exp_trials","PED_MAIN","AV","stay","stay","sidewalk","3v1","","","","","","",""
"4183","ped_main_av","ped_main_av_exp_trials","PED_MAIN","AV","swerve","stay","road","1v1","","","","","","",""
"4183","ped_main_av","ped_main_av_exp_trials","PED_MAIN","AV","swerve","stay","sidewalk","1v1","","","","","","",""
"4183","ped_main_av","ped_main_av_exp_trials","PED_MAIN","AV","stay","swerve","carsac","2v1","","","","","","",""
"4183","ped_main_av","ped_main_av_exp_trials","PED_MAIN","AV","stay","stay","road","4v1","","","","","","",""
"4183","ped_main_av","ped_main_av_exp_trials","PED_MAIN","AV","swerve","stay","sidewalk","4v1","","","","","","",""
"4183","ped_main_av","ped_main_av_exp_trials","PED_MAIN","AV","stay","stay","sidewalk","2v1","","","","","","",""
"4183","ped_main_av","ped_main_av_exp_trials","PED_MAIN","AV","stay","stay","road","3v1","","","","","","",""
"4183","ped_main_av","ped_main_av_exp_trials","PED_MAIN","AV","swerve","stay","carsac","1v1","","","","","","",""
"4183","ped_main_av","ped_main_av_exp_trials","PED_MAIN","AV","swerve","swerve","carsac","3v1","","","","","","",""
"4183","ped_main_av","ped_main_av_exp_trials","PED_MAIN","AV","swerve","swerve","carsac","4v1","","","","","","",""
"4183","ped_main_av","ped_main_av_exp_trials","PED_MAIN","AV","stay","stay","road","2v1","","","","","","",""
"4183","ped_main_av","quesionnaire_av","PED_MAIN","AV","","","","","armenia","5","30-39","yes","3","female","ped"
"4190","ped_main_h","ped_main_h_exp_trials","PED_MAIN","HUMAN","swerve","stay","sidewalk","1v1","","","","","","",""
"4190","ped_main_h","ped_main_h_exp_trials","PED_MAIN","HUMAN","stay","swerve","carsac","4v1","","","","","","",""
"4190","ped_main_h","ped_main_h_exp_trials","PED_MAIN","HUMAN","stay","stay","road","1v1","","","","","","",""
"4190","ped_main_h","ped_main_h_exp_trials","PED_MAIN","HUMAN","stay","stay","sidewalk","2v1","","","","","","",""
"4190","ped_main_h","ped_main_h_exp_trials","PED_MAIN","HUMAN","stay","swerve","carsac","3v1","","","","","","",""
"4190","ped_main_h","ped_main_h_exp_trials","PED_MAIN","HUMAN","swerve","swerve","road","3v1","","","","","","",""
"4190","ped_main_h","ped_main_h_exp_trials","PED_MAIN","HUMAN","stay","swerve","road","2v1","","","","","","",""
"4190","ped_main_h","ped_main_h_exp_trials","PED_MAIN","HUMAN","swerve","swerve","sidewalk","3v1","","","","","","",""
"4190","ped_main_h","ped_main_h_exp_trials","PED_MAIN","HUMAN","swerve","swerve","road","4v1","","","","","","",""
"4190","ped_main_h","ped_main_h_exp_trials","PED_MAIN","HUMAN","stay","swerve","sidewalk","4v1","","","","","","",""
"4190","ped_main_h","ped_main_h_exp_trials","PED_MAIN","HUMAN","swerve","swerve","carsac","1v1","","","","","","",""
"4190","ped_main_h","ped_main_h_exp_trials","PED_MAIN","HUMAN","swerve","swerve","carsac","2v1","","","","","","",""
"4190","ped_main_h","questionnaire_h","PED_MAIN","HUMAN","","","","","","","","yes","3","female","ped"
"4198","obs_h","obs_h_exp_trials","OBS","HUMAN","swerve","stay","carsac","4v1","","","","","","",""
"4198","obs_h","obs_h_exp_trials","OBS","HUMAN","swerve","swerve","sidewalk","3v1","","","","","","",""
"4198","obs_h","obs_h_exp_trials","OBS","HUMAN","swerve","swerve","road","3v1","","","","","","",""
"4198","obs_h","obs_h_exp_trials","OBS","HUMAN","swerve","stay","carsac","1v1","","","","","","",""
"4198","obs_h","obs_h_exp_trials","OBS","HUMAN","stay","stay","sidewalk","1v1","","","","","","",""
"4198","obs_h","obs_h_exp_trials","OBS","HUMAN","stay","swerve","sidewalk","2v1","","","","","","",""
"4198","obs_h","obs_h_exp_trials","OBS","HUMAN","stay","swerve","road","4v1","","","","","","",""
"4198","obs_h","obs_h_exp_trials","OBS","HUMAN","stay","swerve","sidewalk","4v1","","","","","","",""
"4198","obs_h","obs_h_exp_trials","OBS","HUMAN","stay","stay","carsac","2v1","","","","","","",""
"4198","obs_h","obs_h_exp_trials","OBS","HUMAN","swerve","stay","carsac","3v1","","","","","","",""
"4198","obs_h","obs_h_exp_trials","OBS","HUMAN","swerve","stay","road","1v1","","","","","","",""
"4198","obs_h","obs_h_exp_trials","OBS","HUMAN","stay","swerve","road","2v1","","","","","","",""
"4198","obs_h","questionnaire_h","OBS","HUMAN","","","","","","","","yes","2","female","car"
"4215","ped_side_av","ped_side_av_exp_trials","PED_SIDE","AV","stay","swerve","sidewalk","3v1","","","","","","",""
"4215","ped_side_av","ped_side_av_exp_trials","PED_SIDE","AV","swerve","swerve","road","2v1","","","","","","",""
"4215","ped_side_av","ped_side_av_exp_trials","PED_SIDE","AV","swerve","swerve","sidewalk","2v1","","","","","","",""
"4215","ped_side_av","ped_side_av_exp_trials","PED_SIDE","AV","stay","swerve","sidewalk","4v1","","","","","","",""
"4215","ped_side_av","ped_side_av_exp_trials","PED_SIDE","AV","stay","swerve","road","3v1","","","","","","",""
"4215","ped_side_av","ped_side_av_exp_trials","PED_SIDE","AV","stay","swerve","road","1v1","","","","","","",""
"4215","ped_side_av","ped_side_av_exp_trials","PED_SIDE","AV","swerve","swerve","road","4v1","","","","","","",""
"4215","ped_side_av","ped_side_av_exp_trials","PED_SIDE","AV","swerve","swerve","sidewalk","1v1","","","","","","",""
"4215","ped_side_av","quesionnaire_av","PED_SIDE","AV","","","","","armenia","0","18-29","yes","4","female","ped"
"4227","ped_side_h","ped_side_h_exp_trials","PED_SIDE","HUMAN","swerve","stay","road","4v1","","","","","","",""
"4227","ped_side_h","ped_side_h_exp_trials","PED_SIDE","HUMAN","stay","stay","sidewalk","3v1","","","","","","",""
"4227","ped_side_h","ped_side_h_exp_trials","PED_SIDE","HUMAN","stay","stay","road","1v1","","","","","","",""
"4227","ped_side_h","ped_side_h_exp_trials","PED_SIDE","HUMAN","swerve","stay","road","3v1","","","","","","",""
"4227","ped_side_h","ped_side_h_exp_trials","PED_SIDE","HUMAN","stay","stay","road","2v1","","","","","","",""
"4227","ped_side_h","ped_side_h_exp_trials","PED_SIDE","HUMAN","stay","stay","sidewalk","4v1","","","","","","",""
"4227","ped_side_h","ped_side_h_exp_trials","PED_SIDE","HUMAN","swerve","stay","sidewalk","1v1","","","","","","",""
"4227","ped_side_h","ped_side_h_exp_trials","PED_SIDE","HUMAN","swerve","stay","sidewalk","2v1","","","","","","",""
"4227","ped_side_h","questionnaire_h","PED_SIDE","HUMAN","","","","","","","","yes","5","male","ped"
"4234","ped_side_av","ped_side_av_exp_trials","PED_SIDE","AV","swerve","stay","sidewalk","1v1","","","","","","",""
"4234","ped_side_av","ped_side_av_exp_trials","PED_SIDE","AV","stay","stay","sidewalk","3v1","","","","","","",""
"4234","ped_side_av","ped_side_av_exp_trials","PED_SIDE","AV","stay","stay","road","4v1","","","","","","",""
"4234","ped_side_av","ped_side_av_exp_trials","PED_SIDE","AV","swerve","stay","sidewalk","2v1","","","","","","",""
"4234","ped_side_av","ped_side_av_exp_trials","PED_SIDE","AV","swerve","stay","road","3v1","","","","","","",""
"4234","ped_side_av","ped_side_av_exp_trials","PED_SIDE","AV","swerve","stay","road","2v1","","","","","","",""
"4234","ped_side_av","ped_side_av_exp_trials","PED_SIDE","AV","stay","stay","sidewalk","4v1","","","","","","",""
"4234","ped_side_av","ped_side_av_exp_trials","PED_SIDE","AV","stay","stay","road","1v1","","","","","","",""
"4234","ped_side_av","quesionnaire_av","PED_SIDE","AV","","","","","armenia","0","30-39","yes","4","male","ped"
"4243","obs_h","obs_h_exp_trials","OBS","HUMAN","stay","stay","road","1v1","","","","","","",""
"4243","obs_h","obs_h_exp_trials","OBS","HUMAN","swerve","swerve","carsac","4v1","","","","","","",""
"4243","obs_h","obs_h_exp_trials","OBS","HUMAN","stay","stay","road","2v1","","","","","","",""
"4243","obs_h","obs_h_exp_trials","OBS","HUMAN","stay","stay","carsac","1v1","","","","","","",""
"4243","obs_h","obs_h_exp_trials","OBS","HUMAN","swerve","stay","sidewalk","4v1","","","","","","",""
"4243","obs_h","obs_h_exp_trials","OBS","HUMAN","stay","swerve","carsac","3v1","","","","","","",""
"4243","obs_h","obs_h_exp_trials","OBS","HUMAN","stay","stay","road","4v1","","","","","","",""
"4243","obs_h","obs_h_exp_trials","OBS","HUMAN","swerve","stay","carsac","2v1","","","","","","",""
"4243","obs_h","obs_h_exp_trials","OBS","HUMAN","swerve","stay","sidewalk","3v1","","","","","","",""
"4243","obs_h","obs_h_exp_trials","OBS","HUMAN","stay","stay","road","3v1","","","","","","",""
"4243","obs_h","obs_h_exp_trials","OBS","HUMAN","swerve","stay","sidewalk","1v1","","","","","","",""
"4243","obs_h","obs_h_exp_trials","OBS","HUMAN","swerve","stay","sidewalk","2v1","","","","","","",""
"4243","obs_h","questionnaire_h","OBS","HUMAN","","","","","","","","no","2","female","car"
"4264","ped_main_h","ped_main_h_exp_trials","PED_MAIN","HUMAN","stay","stay","road","1v1","","","","","","",""
"4264","ped_main_h","ped_main_h_exp_trials","PED_MAIN","HUMAN","stay","stay","road","2v1","","","","","","",""
"4264","ped_main_h","ped_main_h_exp_trials","PED_MAIN","HUMAN","swerve","swerve","carsac","2v1","","","","","","",""
"4264","ped_main_h","ped_main_h_exp_trials","PED_MAIN","HUMAN","swerve","swerve","road","3v1","","","","","","",""
"4264","ped_main_h","ped_main_h_exp_trials","PED_MAIN","HUMAN","stay","swerve","sidewalk","1v1","","","","","","",""
"4264","ped_main_h","ped_main_h_exp_trials","PED_MAIN","HUMAN","stay","swerve","road","4v1","","","","","","",""
"4264","ped_main_h","ped_main_h_exp_trials","PED_MAIN","HUMAN","stay","swerve","sidewalk","4v1","","","","","","",""
"4264","ped_main_h","ped_main_h_exp_trials","PED_MAIN","HUMAN","swerve","swerve","carsac","1v1","","","","","","",""
"4264","ped_main_h","ped_main_h_exp_trials","PED_MAIN","HUMAN","swerve","swerve","sidewalk","2v1","","","","","","",""
"4264","ped_main_h","ped_main_h_exp_trials","PED_MAIN","HUMAN","stay","swerve","sidewalk","3v1","","","","","","",""
"4264","ped_main_h","ped_main_h_exp_trials","PED_MAIN","HUMAN","swerve","swerve","carsac","3v1","","","","","","",""
"4264","ped_main_h","ped_main_h_exp_trials","PED_MAIN","HUMAN","swerve","swerve","carsac","4v1","","","","","","",""
"4264","ped_main_h","questionnaire_h","PED_MAIN","HUMAN","","","","","","","","yes","3","female","ped"
"4282","car_h","car_h_exp_trials","CAR","HUMAN","swerve","stay","carsac","4v1","","","","","","",""
"4282","car_h","car_h_exp_trials","CAR","HUMAN","swerve","stay","carsac","3v1","","","","","","",""
"4282","car_h","car_h_exp_trials","CAR","HUMAN","swerve","swerve","sidewalk","2v1","","","","","","",""
"4282","car_h","car_h_exp_trials","CAR","HUMAN","stay","stay","carsac","2v1","","","","","","",""
"4282","car_h","car_h_exp_trials","CAR","HUMAN","swerve","swerve","road","2v1","","","","","","",""
"4282","car_h","car_h_exp_trials","CAR","HUMAN","stay","swerve","sidewalk","3v1","","","","","","",""
"4282","car_h","car_h_exp_trials","CAR","HUMAN","swerve","swerve","road","3v1","","","","","","",""
"4282","car_h","car_h_exp_trials","CAR","HUMAN","stay","swerve","road","4v1","","","","","","",""
"4282","car_h","car_h_exp_trials","CAR","HUMAN","stay","stay","road","1v1","","","","","","",""
"4282","car_h","car_h_exp_trials","CAR","HUMAN","swerve","stay","sidewalk","1v1","","","","","","",""
"4282","car_h","car_h_exp_trials","CAR","HUMAN","stay","stay","carsac","1v1","","","","","","",""
"4282","car_h","questionnaire_h","CAR","HUMAN","","","","","","","","yes","4","female","car"
"4282","car_h","car_h_exp_trials","CAR","HUMAN","stay","stay","sidewalk","4v1","","","","","","",""
"4310","ped_main_av","ped_main_av_exp_trials","PED_MAIN","AV","swerve","stay","carsac","3v1","","","","","","",""
"4310","ped_main_av","ped_main_av_exp_trials","PED_MAIN","AV","swerve","stay","road","2v1","","","","","","",""
"4310","ped_main_av","ped_main_av_exp_trials","PED_MAIN","AV","stay","stay","road","1v1","","","","","","",""
"4310","ped_main_av","ped_main_av_exp_trials","PED_MAIN","AV","swerve","swerve","road","4v1","","","","","","",""
"4310","ped_main_av","ped_main_av_exp_trials","PED_MAIN","AV","stay","stay","sidewalk","3v1","","","","","","",""
"4310","ped_main_av","ped_main_av_exp_trials","PED_MAIN","AV","swerve","stay","sidewalk","4v1","","","","","","",""
"4310","ped_main_av","ped_main_av_exp_trials","PED_MAIN","AV","stay","stay","carsac","4v1","","","","","","",""
"4310","ped_main_av","ped_main_av_exp_trials","PED_MAIN","AV","stay","stay","carsac","1v1","","","","","","",""
"4310","ped_main_av","ped_main_av_exp_trials","PED_MAIN","AV","stay","stay","sidewalk","2v1","","","","","","",""
"4310","ped_main_av","ped_main_av_exp_trials","PED_MAIN","AV","swerve","stay","carsac","2v1","","","","","","",""
"4310","ped_main_av","ped_main_av_exp_trials","PED_MAIN","AV","swerve","swerve","road","3v1","","","","","","",""
"4310","ped_main_av","ped_main_av_exp_trials","PED_MAIN","AV","stay","stay","sidewalk","1v1","","","","","","",""
"4310","ped_main_av","quesionnaire_av","PED_MAIN","AV","","","","","australia","10+","30-39","yes","4","female","car"
"4348","obs_av","obs_av_exp_trials","OBS","AV","stay","stay","sidewalk","1v1","","","","","","",""
"4348","obs_av","obs_av_exp_trials","OBS","AV","swerve","swerve","sidewalk","2v1","","","","","","",""
"4348","obs_av","obs_av_exp_trials","OBS","AV","stay","swerve","road","4v1","","","","","","",""
"4348","obs_av","obs_av_exp_trials","OBS","AV","stay","stay","carsac","1v1","","","","","","",""
"4348","obs_av","obs_av_exp_trials","OBS","AV","swerve","swerve","sidewalk","3v1","","","","","","",""
"4348","obs_av","obs_av_exp_trials","OBS","AV","stay","swerve","carsac","3v1","","","","","","",""
"4348","obs_av","obs_av_exp_trials","OBS","AV","stay","swerve","sidewalk","4v1","","","","","","",""
"4348","obs_av","obs_av_exp_trials","OBS","AV","swerve","swerve","road","2v1","","","","","","",""
"4348","obs_av","obs_av_exp_trials","OBS","AV","swerve","swerve","road","3v1","","","","","","",""
"4348","obs_av","obs_av_exp_trials","OBS","AV","swerve","swerve","carsac","2v1","","","","","","",""
"4348","obs_av","obs_av_exp_trials","OBS","AV","swerve","swerve","carsac","4v1","","","","","","",""
"4348","obs_av","obs_av_exp_trials","OBS","AV","stay","swerve","road","1v1","","","","","","",""
"4348","obs_av","quesionnaire_av","OBS","AV","","","","","australia","10+","40-49","yes","3","female","ped"
"4318","obs_av","obs_av_exp_trials","OBS","AV","swerve","swerve","road","3v1","","","","","","",""
"4318","obs_av","obs_av_exp_trials","OBS","AV","swerve","stay","sidewalk","1v1","","","","","","",""
"4318","obs_av","obs_av_exp_trials","OBS","AV","stay","stay","carsac","1v1","","","","","","",""
"4318","obs_av","obs_av_exp_trials","OBS","AV","swerve","stay","road","1v1","","","","","","",""
"4318","obs_av","obs_av_exp_trials","OBS","AV","swerve","swerve","sidewalk","4v1","","","","","","",""
"4318","obs_av","obs_av_exp_trials","OBS","AV","stay","swerve","carsac","4v1","","","","","","",""
"4318","obs_av","obs_av_exp_trials","OBS","AV","swerve","swerve","carsac","2v1","","","","","","",""
"4318","obs_av","obs_av_exp_trials","OBS","AV","stay","swerve","sidewalk","3v1","","","","","","",""
"4318","obs_av","obs_av_exp_trials","OBS","AV","stay","swerve","road","4v1","","","","","","",""
"4318","obs_av","obs_av_exp_trials","OBS","AV","stay","swerve","sidewalk","2v1","","","","","","",""
"4318","obs_av","obs_av_exp_trials","OBS","AV","stay","swerve","road","2v1","","","","","","",""
"4318","obs_av","obs_av_exp_trials","OBS","AV","swerve","swerve","carsac","3v1","","","","","","",""
"4318","obs_av","quesionnaire_av","OBS","AV","","","","","armenia","0","18-29","yes","4","female","ped"
"4320","car_av","car_av_exp_trials","CAR","AV","stay","stay","sidewalk","3v1","","","","","","",""
"4320","car_av","car_av_exp_trials","CAR","AV","swerve","swerve","road","3v1","","","","","","",""
"4320","car_av","car_av_exp_trials","CAR","AV","swerve","stay","carsac","4v1","","","","","","",""
"4320","car_av","car_av_exp_trials","CAR","AV","swerve","stay","sidewalk","1v1","","","","","","",""
"4320","car_av","car_av_exp_trials","CAR","AV","stay","stay","carsac","1v1","","","","","","",""
"4320","car_av","car_av_exp_trials","CAR","AV","swerve","stay","sidewalk","4v1","","","","","","",""
"4320","car_av","car_av_exp_trials","CAR","AV","stay","swerve","road","2v1","","","","","","",""
"4320","car_av","car_av_exp_trials","CAR","AV","stay","stay","sidewalk","2v1","","","","","","",""
"4320","car_av","car_av_exp_trials","CAR","AV","stay","stay","carsac","2v1","","","","","","",""
"4320","car_av","car_av_exp_trials","CAR","AV","stay","stay","carsac","3v1","","","","","","",""
"4320","car_av","car_av_exp_trials","CAR","AV","swerve","stay","road","1v1","","","","","","",""
"4320","car_av","car_av_exp_trials","CAR","AV","swerve","swerve","road","4v1","","","","","","",""
"4320","car_av","quesionnaire_av","CAR","AV","","","","","germany","10+","40-49","yes","3","male","car"
"4369","ped_side_h","ped_side_h_exp_trials","PED_SIDE","HUMAN","stay","swerve","road","3v1","","","","","","",""
"4369","ped_side_h","ped_side_h_exp_trials","PED_SIDE","HUMAN","swerve","swerve","sidewalk","4v1","","","","","","",""
"4369","ped_side_h","ped_side_h_exp_trials","PED_SIDE","HUMAN","stay","swerve","road","1v1","","","","","","",""
"4369","ped_side_h","ped_side_h_exp_trials","PED_SIDE","HUMAN","swerve","swerve","sidewalk","3v1","","","","","","",""
"4369","ped_side_h","ped_side_h_exp_trials","PED_SIDE","HUMAN","swerve","swerve","road","2v1","","","","","","",""
"4369","ped_side_h","ped_side_h_exp_trials","PED_SIDE","HUMAN","stay","swerve","sidewalk","1v1","","","","","","",""
"4369","ped_side_h","ped_side_h_exp_trials","PED_SIDE","HUMAN","swerve","swerve","sidewalk","2v1","","","","","","",""
"4369","ped_side_h","ped_side_h_exp_trials","PED_SIDE","HUMAN","stay","swerve","road","4v1","","","","","","",""
"4369","ped_side_h","questionnaire_h","PED_SIDE","HUMAN","","","","","","","","yes","3","male","ped"
"4368","car_h","car_h_exp_trials","CAR","HUMAN","stay","stay","sidewalk","1v1","","","","","","",""
"4368","car_h","car_h_exp_trials","CAR","HUMAN","swerve","stay","carsac","3v1","","","","","","",""
"4368","car_h","car_h_exp_trials","CAR","HUMAN","stay","swerve","sidewalk","2v1","","","","","","",""
"4368","car_h","car_h_exp_trials","CAR","HUMAN","stay","stay","carsac","2v1","","","","","","",""
"4368","car_h","car_h_exp_trials","CAR","HUMAN","swerve","swerve","road","3v1","","","","","","",""
"4368","car_h","car_h_exp_trials","CAR","HUMAN","swerve","stay","carsac","4v1","","","","","","",""
"4368","car_h","car_h_exp_trials","CAR","HUMAN","swerve","stay","road","1v1","","","","","","",""
"4368","car_h","car_h_exp_trials","CAR","HUMAN","stay","swerve","road","4v1","","","","","","",""
"4368","car_h","car_h_exp_trials","CAR","HUMAN","stay","stay","carsac","1v1","","","","","","",""
"4368","car_h","car_h_exp_trials","CAR","HUMAN","swerve","swerve","sidewalk","3v1","","","","","","",""
"4368","car_h","car_h_exp_trials","CAR","HUMAN","stay","swerve","road","2v1","","","","","","",""
"4368","car_h","car_h_exp_trials","CAR","HUMAN","swerve","swerve","sidewalk","4v1","","","","","","",""
"4368","car_h","questionnaire_h","CAR","HUMAN","","","","","","","","yes","3","male","car"
"4365","ped_main_h","ped_main_h_exp_trials","PED_MAIN","HUMAN","stay","swerve","road","3v1","","","","","","",""
"4365","ped_main_h","ped_main_h_exp_trials","PED_MAIN","HUMAN","swerve","stay","carsac","3v1","","","","","","",""
"4365","ped_main_h","ped_main_h_exp_trials","PED_MAIN","HUMAN","stay","stay","sidewalk","2v1","","","","","","",""
"4365","ped_main_h","ped_main_h_exp_trials","PED_MAIN","HUMAN","stay","swerve","sidewalk","3v1","","","","","","",""
"4365","ped_main_h","ped_main_h_exp_trials","PED_MAIN","HUMAN","stay","swerve","sidewalk","4v1","","","","","","",""
"4365","ped_main_h","ped_main_h_exp_trials","PED_MAIN","HUMAN","stay","stay","carsac","2v1","","","","","","",""
"4365","ped_main_h","ped_main_h_exp_trials","PED_MAIN","HUMAN","stay","stay","road","2v1","","","","","","",""
"4365","ped_main_h","ped_main_h_exp_trials","PED_MAIN","HUMAN","swerve","swerve","road","4v1","","","","","","",""
"4365","ped_main_h","ped_main_h_exp_trials","PED_MAIN","HUMAN","swerve","stay","carsac","1v1","","","","","","",""
"4365","ped_main_h","ped_main_h_exp_trials","PED_MAIN","HUMAN","swerve","stay","road","1v1","","","","","","",""
"4365","ped_main_h","ped_main_h_exp_trials","PED_MAIN","HUMAN","swerve","stay","carsac","4v1","","","","","","",""
"4365","ped_main_h","ped_main_h_exp_trials","PED_MAIN","HUMAN","swerve","stay","sidewalk","1v1","","","","","","",""
"4365","ped_main_h","questionnaire_h","PED_MAIN","HUMAN","","","","","","","","yes","1","female","ped"
"4371","ped_side_av","ped_side_av_exp_trials","PED_SIDE","AV","stay","swerve","sidewalk","4v1","","","","","","",""
"4371","ped_side_av","ped_side_av_exp_trials","PED_SIDE","AV","stay","swerve","road","3v1","","","","","","",""
"4371","ped_side_av","ped_side_av_exp_trials","PED_SIDE","AV","swerve","swerve","road","4v1","","","","","","",""
"4371","ped_side_av","ped_side_av_exp_trials","PED_SIDE","AV","swerve","stay","road","1v1","","","","","","",""
"4371","ped_side_av","ped_side_av_exp_trials","PED_SIDE","AV","swerve","swerve","sidewalk","2v1","","","","","","",""
"4371","ped_side_av","ped_side_av_exp_trials","PED_SIDE","AV","swerve","swerve","road","2v1","","","","","","",""
"4371","ped_side_av","ped_side_av_exp_trials","PED_SIDE","AV","stay","stay","sidewalk","1v1","","","","","","",""
"4371","ped_side_av","ped_side_av_exp_trials","PED_SIDE","AV","stay","swerve","sidewalk","3v1","","","","","","",""
"4371","ped_side_av","quesionnaire_av","PED_SIDE","AV","","","","","finland","6-10","18-29","yes","3","female","ped"
